platform,url,title_raw,title_clean,cleaned_text,full_description,tokens,token_count,budget_extracted,budget_currency,budget_type,skills_clean,category_clean,posted_date
Freelancer.com,https://www.freelancer.com/projects/acting/singapore-actress-for-green-witch,Singapore Actress for Green Witch Role,singapore actress green witch role organising adults-only private party singapore want convincing witch make night unfor,singapore actress green witch role organising adults-only private party singapore want convincing witch make night unforgettable main task deliver short scripted theatrical performance think classic stage acting rather improvisation storytelling enough dramatic flair keep guests spellbound without veering children s-party territory supply script outline key story beats preferred tone darkly whimsical rather pure horror would bring character life handle memorisation maintain witch persona whenever view guests well-practised cackle confident projection comfort working close-up people social setting essential rehearsal arranged days beforehand either person video call costuming available cloak staff signature props let know coordinate look deliverables 60 minute live theatrical performance character brief meet-and-greet photo opportunity immediately act singapore-based actress strong stage presence commit evening booking late october love hear sample reel past performance clip along quote availability acting acting event planning costume design public speaking voice talent creative writing ghostwriting audio services unknown,"I’m organising an adults-only private party in Singapore and want a convincing witch to make the night unforgettable. Your main task is to deliver a short, scripted theatrical performance—think classic stage acting rather than improvisation or storytelling—with just enough dramatic flair to keep guests spellbound without veering into children’s-party territory.

I’ll supply the script outline, key story beats, and preferred tone (darkly whimsical rather than pure horror). You would bring the character to life, handle memorisation, and maintain the witch persona whenever you’re in view of guests. A well-practised cackle, confident projection, and comfort working close-up with people in a social setting are essential.

Rehearsal can be arranged a few days beforehand, either in person or over video call. Costuming is available, but if you have your own cloak, staff, or signature props, let me know so we can coordinate the look.

Deliverables 
•60 minute live theatrical performance in character 
• Brief meet-and-greet photo opportunity immediately after the act 

If you’re a Singapore-based actress with strong stage presence and can commit to an evening booking in late October, I’d love to hear a sample reel or past performance clip along with your quote and availability.",singapore | actress | green | witch | role | organising | adults-only | private | party | singapore | want | convincing | witch | make | night | unforgettable | main | task | deliver | short | scripted | theatrical | performance | think | classic | stage | acting | rather | improvisation | storytelling | enough | dramatic | flair | keep | guests | spellbound | without | veering | children | s-party | territory | supply | script | outline | key | story | beats | preferred | tone | darkly | whimsical | rather | pure | horror | would | bring | character | life | handle | memorisation | maintain | witch | persona | whenever | view | guests | well-practised | cackle | confident | projection | comfort | working | close-up | people | social | setting | essential | rehearsal | arranged | days | beforehand | either | person | video | call | costuming | available | cloak | staff | signature | props | let | know | coordinate | look | deliverables | 60 | minute | live | theatrical | performance | character | brief | meet-and-greet | photo | opportunity | immediately | act | singapore-based | actress | strong | stage | presence | commit | evening | booking | late | october | love | hear | sample | reel | past | performance | clip | along | quote | availability | acting | acting | event | planning | costume | design | public | speaking | voice | talent | creative | writing | ghostwriting | audio | services | unknown,144,140.0,USD,fixed,acting | acting | event planning | costume design | public speaking | voice talent | creative writing | ghostwriting | audio services,unknown,Unknown
Freelancer.com,https://www.freelancer.com/projects/research/informative-article-writing-assistance,Informative Article Writing Assistance Needed,informative article writing assistance needed need writer turn set provided topics clear well-structured articles whose ,informative article writing assistance needed need writer turn set provided topics clear well-structured articles whose sole purpose inform work purely writing specifically article writing design development involved piece share short brief includes subject suggested word count initial references role research credible sources draft engaging yet factual copy deliver polished text 100 original ready publication deliverables one fully edited article per topic word google docs format concise meta description 155 characters article content must pass copyscape read smoothly general audience require minimal edits end respond please attach links files showing previous informative articles written outline revision policy research research copywriting content development article writing article rewriting ghostwriting editing unknown,"I need a writer who can turn a set of provided topics into clear, well-structured articles whose sole purpose is to inform. The work is purely writing—specifically article writing—so there’s no design or development involved. 

For each piece, I’ll share a short brief that includes the subject, suggested word count, and any initial references. Your role is to research credible sources, draft engaging yet factual copy, and deliver polished text that is 100 % original and ready for publication.

Deliverables 
• One fully edited article per topic in Word or Google Docs format 
• A concise meta description (about 155 characters) for each article 

Content must pass Copyscape, read smoothly for a general audience, and require minimal edits on my end. When you respond, please attach links or files showing previous informative articles you’ve written and outline your revision policy.",informative | article | writing | assistance | needed | need | writer | turn | set | provided | topics | clear | well-structured | articles | whose | sole | purpose | inform | work | purely | writing | specifically | article | writing | design | development | involved | piece | share | short | brief | includes | subject | suggested | word | count | initial | references | role | research | credible | sources | draft | engaging | yet | factual | copy | deliver | polished | text | 100 | original | ready | publication | deliverables | one | fully | edited | article | per | topic | word | google | docs | format | concise | meta | description | 155 | characters | article | content | must | pass | copyscape | read | smoothly | general | audience | require | minimal | edits | end | respond | please | attach | links | files | showing | previous | informative | articles | written | outline | revision | policy | research | research | copywriting | content | development | article | writing | article | rewriting | ghostwriting | editing | unknown,108,1000.0,INR,fixed,research | research | copywriting | content development | article writing | article rewriting | ghostwriting | editing,unknown,Unknown
Freelancer.com,https://www.freelancer.com/projects/adobe-illustrator/high-res-event-banner-design,High-Res Event Banner Design,high-res event banner design already mock need make high resolution two adobe illustrator adobe illustrator adobe photos,high-res event banner design already mock need make high resolution two adobe illustrator adobe illustrator adobe photoshop creative design digital design graphic design banner design photoshop logo design adobe creative cloud print design unknown,"already have a mock up, just need to make them in high resolution . two of them",high-res | event | banner | design | already | mock | need | make | high | resolution | two | adobe | illustrator | adobe | illustrator | adobe | photoshop | creative | design | digital | design | graphic | design | banner | design | photoshop | logo | design | adobe | creative | cloud | print | design | unknown,34,20.0,USD,fixed,adobe illustrator | adobe illustrator | adobe photoshop | creative design | digital design | graphic design | banner design | photoshop | logo design | adobe creative cloud | print design,unknown,Unknown
Freelancer.com,https://www.freelancer.com/projects/proofreading/manual-text-entry-from-scans-40748855,Manual Text Entry from Scans,manual text entry scans need several scanned documents transformed clean editable text fully manual data-entry task ocr ,manual text entry scans need several scanned documents transformed clean editable text fully manual data-entry task ocr automation every word punctuation mark line break typed exactly appears images receive high-resolution pdfs simple word template type content file google docs fine prefer keep original order proof work sending back deliverable one text document per scan formatted provided template acceptance criteria 99 better accuracy compared source consistent headings paragraph spacing line breaks files delivered mutually agreed deadline tell many pages handle day start share first batch right away proofreading proofreading microsoft word typing editing data entry word excel pdf unknown,"I need several scanned documents transformed into clean, editable text. It’s a fully manual data-entry task—no OCR or automation—so every word, punctuation mark, and line break has to be typed exactly as it appears in the images.

You’ll receive high-resolution PDFs and a simple Word template. Type the content into that file (Google Docs is fine if you prefer), keep the original order, and proof your work before sending it back.

Deliverable 
• One text document per scan, formatted with the provided template.

Acceptance criteria 
• 99 % or better accuracy when compared with the source 
• Consistent headings, paragraph spacing, and line breaks 
• All files delivered by the mutually agreed deadline

Tell me how many pages you can handle each day and when you can start, and I’ll share the first batch right away.",manual | text | entry | scans | need | several | scanned | documents | transformed | clean | editable | text | fully | manual | data-entry | task | ocr | automation | every | word | punctuation | mark | line | break | typed | exactly | appears | images | receive | high-resolution | pdfs | simple | word | template | type | content | file | google | docs | fine | prefer | keep | original | order | proof | work | sending | back | deliverable | one | text | document | per | scan | formatted | provided | template | acceptance | criteria | 99 | better | accuracy | compared | source | consistent | headings | paragraph | spacing | line | breaks | files | delivered | mutually | agreed | deadline | tell | many | pages | handle | day | start | share | first | batch | right | away | proofreading | proofreading | microsoft | word | typing | editing | data | entry | word | excel | pdf | unknown,98,1875.0,INR,fixed,proofreading | proofreading | microsoft word | typing | editing | data entry | word | excel | pdf,unknown,Unknown
Freelancer.com,https://www.freelancer.com/projects/adobe-acrobat/pdf-spelling-formatting-fix,PDF Spelling & Formatting Fix,pdf spelling formatting fix set pdf files need look polished read flawlessly task open document locate every spelling er,pdf spelling formatting fix set pdf files need look polished read flawlessly task open document locate every spelling error correct make sure visual presentation clean consistent fonts alignment margins headings small layout quirks disrupt flow return files expect clean error-free text throughout every page uniform formatting matches existing style document sudden font changes misaligned paragraphs final pdfs delivered back ready immediate use loss quality embedded links may work adobe acrobat pdf-xchange professional editor prefer long output remains vector-clear fully selectable anticipate needing intermediate files word indesign etc fine make sure final deliverable returned pdf let know typical turnaround time per document experience long-form heavily formatted pdfs get started right away adobe acrobat adobe acrobat proofreading microsoft word visual design adobe indesign word pdf editing unknown,"I have a set of PDF files that need to look polished and read flawlessly. Your task is to open each document, locate every spelling error, correct it, and make sure the visual presentation is clean and consistent—fonts, alignment, margins, headings, and any small layout quirks that disrupt the flow.

When you return the files I expect:
• Clean, error-free text throughout every page 
• Uniform formatting that matches the existing style of each document (no sudden font changes or misaligned paragraphs) 
• The final PDFs delivered back to me ready for immediate use, with no loss of quality or embedded links

You may work in Adobe Acrobat, PDF-XChange, or any professional editor you prefer as long as the output remains vector-clear and fully selectable. If you anticipate needing intermediate files (Word, InDesign, etc.) that’s fine—just make sure the final deliverable is returned as a PDF.

Let me know your typical turnaround time per document and any experience you have with long-form or heavily formatted PDFs so we can get started right away.",pdf | spelling | formatting | fix | set | pdf | files | need | look | polished | read | flawlessly | task | open | document | locate | every | spelling | error | correct | make | sure | visual | presentation | clean | consistent | fonts | alignment | margins | headings | small | layout | quirks | disrupt | flow | return | files | expect | clean | error-free | text | throughout | every | page | uniform | formatting | matches | existing | style | document | sudden | font | changes | misaligned | paragraphs | final | pdfs | delivered | back | ready | immediate | use | loss | quality | embedded | links | may | work | adobe | acrobat | pdf-xchange | professional | editor | prefer | long | output | remains | vector-clear | fully | selectable | anticipate | needing | intermediate | files | word | indesign | etc | fine | make | sure | final | deliverable | returned | pdf | let | know | typical | turnaround | time | per | document | experience | long-form | heavily | formatted | pdfs | get | started | right | away | adobe | acrobat | adobe | acrobat | proofreading | microsoft | word | visual | design | adobe | indesign | word | pdf | editing | unknown,125,1000.0,INR,fixed,adobe acrobat | adobe acrobat | proofreading | microsoft word | visual design | adobe indesign | word | pdf | editing,unknown,Unknown
Freelancer.com,https://www.freelancer.com/projects/data-extraction/web-scraping-data-extraction-specialist,Web Scraping & Data Extraction Specialist: Healthcare Directory (Excel / Google Sheets),web scraping data extraction specialist healthcare directory excel google sheets project overview looking reliable detai,web scraping data extraction specialist healthcare directory excel google sheets project overview looking reliable detail-oriented freelancer extract compile structured healthcare-related business data specified directory websites organized excel google sheets workbook directory covers healthcare entities categorized location city state category including images photographs available key responsibilities target categories hospitals clinics doctors specialists medical stores pharmacies diagnostic centers pathology labs required data fields columns location state city area locality full address pincode entity info business entity name category sub-category specialization e.g cardiologist dental clinic 24x7 pharmacy contact details phone number email address official website url operating details working hours timings emergency services available yes applicable media photographs direct image urls facility storefront doctor profile locally downloaded organized cloud folder matching record id source original profile listing url data quality hygiene ensure 100 duplicate-free records standardize phone number formats text casing title case addresses validate image urls active accessible deliverables clean well-structured microsoft excel xlsx google sheets file separate tabs sheets organized state city filtered category agreed google drive folder containing images named systematically image downloads requested required skills qualifications proven experience web scraping data mining data entry proficiency tools like python beautifulsoup scrapy selenium octoparse parsehub manual curation tools advanced excel google sheets skills data formatting data validation deduplication strong attention detail zero tolerance missing corrupted fields apply please provide brief summary experience similar data extraction directory projects estimated turnaround time sample batch e.g 5000 0000 records preferred tools methods automated scraper vs manual extraction relevant portfolio sample sheets past web scraping jobs data extraction data extraction google sheets python beautifulsoup web scraping data entry excel web search data mining scrapy unknown,"Project Overview:
We are looking for a reliable, detail-oriented freelancer to extract and compile structured healthcare-related business data from 2–3 specified directory websites into an organized Excel / Google Sheets workbook.
The directory covers healthcare entities categorized by location (City, State) and category, including images/photographs where available.
Key Responsibilities:
Target Categories:
Hospitals & Clinics
Doctors / Specialists
Medical Stores / Pharmacies
Diagnostic Centers & Pathology Labs
Required Data Fields (Columns):
Location: State, City, Area/Locality, Full Address, Pincode
Entity Info: Business/Entity Name, Category, Sub-Category/Specialization (e.g., Cardiologist, Dental Clinic, 24x7 Pharmacy)
Contact Details: Phone Number(s), Email Address, Official Website URL
Operating Details: Working Hours/Timings, Emergency Services Available (Yes/No, if applicable)
Media/Photographs: Direct image URLs of the facility/storefront/doctor profile (or locally downloaded and organized in a cloud folder matching the Record ID)
Source: Original profile/listing URL
Data Quality & Hygiene:
Ensure 100% duplicate-free records.
Standardize phone number formats, text casing (Title Case), and addresses.
Validate that all image URLs are active and accessible.
Deliverables:
Clean, well-structured Microsoft Excel (.xlsx) and/or Google Sheets file.
Separate tabs/sheets organized by State/City or filtered by Category as agreed.
Google Drive folder containing images named systematically (if image downloads are requested).
Required Skills & Qualifications:
Proven experience in Web Scraping, Data Mining, or Data Entry.
Proficiency with tools like Python (BeautifulSoup, Scrapy, Selenium), Octoparse, ParseHub, or manual curation tools.
Advanced Excel/Google Sheets skills (data formatting, data validation, deduplication).
Strong attention to detail and zero tolerance for missing/corrupted fields.
To Apply, Please Provide:
Brief summary of your experience with similar data extraction/directory projects.
Estimated turnaround time for a sample batch (e.g., 5000–1,0000 records).
Preferred tools/methods (automated scraper vs. manual extraction).
Any relevant portfolio or sample sheets from past web scraping jobs.",web | scraping | data | extraction | specialist | healthcare | directory | excel | google | sheets | project | overview | looking | reliable | detail-oriented | freelancer | extract | compile | structured | healthcare-related | business | data | specified | directory | websites | organized | excel | google | sheets | workbook | directory | covers | healthcare | entities | categorized | location | city | state | category | including | images | photographs | available | key | responsibilities | target | categories | hospitals | clinics | doctors | specialists | medical | stores | pharmacies | diagnostic | centers | pathology | labs | required | data | fields | columns | location | state | city | area | locality | full | address | pincode | entity | info | business | entity | name | category | sub-category | specialization | e.g | cardiologist | dental | clinic | 24x7 | pharmacy | contact | details | phone | number | email | address | official | website | url | operating | details | working | hours | timings | emergency | services | available | yes | applicable | media | photographs | direct | image | urls | facility | storefront | doctor | profile | locally | downloaded | organized | cloud | folder | matching | record | id | source | original | profile | listing | url | data | quality | hygiene | ensure | 100 | duplicate-free | records | standardize | phone | number | formats | text | casing | title | case | addresses | validate | image | urls | active | accessible | deliverables | clean | well-structured | microsoft | excel | xlsx | google | sheets | file | separate | tabs | sheets | organized | state | city | filtered | category | agreed | google | drive | folder | containing | images | named | systematically | image | downloads | requested | required | skills | qualifications | proven | experience | web | scraping | data | mining | data | entry | proficiency | tools | like | python | beautifulsoup | scrapy | selenium | octoparse | parsehub | manual | curation | tools | advanced | excel | google | sheets | skills | data | formatting | data | validation | deduplication | strong | attention | detail | zero | tolerance | missing | corrupted | fields | apply | please | provide | brief | summary | experience | similar | data | extraction | directory | projects | estimated | turnaround | time | sample | batch | e.g | 5000 | 0000 | records | preferred | tools | methods | automated | scraper | vs | manual | extraction | relevant | portfolio | sample | sheets | past | web | scraping | jobs | data | extraction | data | extraction | google | sheets | python | beautifulsoup | web | scraping | data | entry | excel | web | search | data | mining | scrapy | unknown,270,7000.0,INR,fixed,data extraction | data extraction | google sheets | python | beautifulsoup | web scraping | data entry | excel | web search | data mining | scrapy,unknown,Unknown
Freelancer.com,https://www.freelancer.com/projects/adobe-photoshop/professional-portrait-photo-editing,Professional Portrait Photo Editing,professional portrait photo editing need skilled photo editor enhance series portrait photos professional portfolio edit,professional portrait photo editing need skilled photo editor enhance series portrait photos professional portfolio editing requirements retouching smooth skin remove blemishes enhance features color correction adjust colors natural vibrant look background removal replace backgrounds clean professional look -sharpen ideal skills experience proficiency adobe photoshop similar software strong eye detail color experience professional portfolio images adobe photoshop adobe photoshop image processing background removal photoshop photo editing photoshop design image recognition visual design photo retouching image upscaling unknown,"I need a skilled photo editor to enhance a series of portrait photos for a professional portfolio. 

The editing requirements are:
- Retouching: Smooth skin, remove blemishes, and enhance features.
- Color Correction: Adjust colors for a natural and vibrant look.
- Background Removal: Replace backgrounds with a clean, professional look.
-SHARPEN 
Ideal skills and experience:
- Proficiency in Adobe Photoshop or similar software.
- Strong eye for detail and color.
- Experience with professional portfolio images.",professional | portrait | photo | editing | need | skilled | photo | editor | enhance | series | portrait | photos | professional | portfolio | editing | requirements | retouching | smooth | skin | remove | blemishes | enhance | features | color | correction | adjust | colors | natural | vibrant | look | background | removal | replace | backgrounds | clean | professional | look | -sharpen | ideal | skills | experience | proficiency | adobe | photoshop | similar | software | strong | eye | detail | color | experience | professional | portfolio | images | adobe | photoshop | adobe | photoshop | image | processing | background | removal | photoshop | photo | editing | photoshop | design | image | recognition | visual | design | photo | retouching | image | upscaling | unknown,76,140.0,USD,fixed,adobe photoshop | adobe photoshop | image processing | background removal | photoshop | photo editing | photoshop design | image recognition | visual design | photo retouching | image upscaling,unknown,Unknown
Freelancer.com,https://www.freelancer.com/projects/project-management/support-for-upcoming-project-plan,Support for Upcoming Project Plan penture,support upcoming project plan penture preparing launch new project share full brief start looking reliable professional ,support upcoming project plan penture preparing launch new project share full brief start looking reliable professional quickly understand requirements provide move straight execution please include short note core strengths relevant work samples typical turnaround time clear communication flexibility essential scope outlined detail engage project management project management agile development agile project management business analysis business consulting content management system cms creative writing documentation business development event management unknown,"I’m preparing to launch a new project and will share the full brief once we start. For now, I’m looking for a reliable professional who can quickly understand the requirements I’ll provide and move straight into execution. Please include a short note on your core strengths, a few relevant work samples, and your typical turnaround time. Clear communication and flexibility are essential, as the scope will be outlined in detail after we engage.",support | upcoming | project | plan | penture | preparing | launch | new | project | share | full | brief | start | looking | reliable | professional | quickly | understand | requirements | provide | move | straight | execution | please | include | short | note | core | strengths | relevant | work | samples | typical | turnaround | time | clear | communication | flexibility | essential | scope | outlined | detail | engage | project | management | project | management | agile | development | agile | project | management | business | analysis | business | consulting | content | management | system | cms | creative | writing | documentation | business | development | event | management | unknown,68,20.0,USD,fixed,project management | project management | agile development | agile project management | business analysis | business consulting | content management system cms | creative writing | documentation | business development | event management,unknown,Unknown
Freelancer.com,https://www.freelancer.com/projects/internet-marketing/affiliate-marketers-wanted-earn-our,**Affiliate Marketers Wanted – Earn 20% of Our Profit** -- 2,affiliate marketers wanted earn 20 profit -- affiliate marketers wanted earn 20 profit looking freelancers affiliate mar,affiliate marketers wanted earn 20 profit -- affiliate marketers wanted earn 20 profit looking freelancers affiliate marketers bring paying customers ai customer service platform login view url platform auto customer service ai helps businesses automate customer service using ai businesses teach ai products services prices opening hours policies information ai handle customer interactions including phone calls messages answer customers based information provided business earn create account website get unique referral link promote platform bring businesses customers link referred customer generates profit platform earn 20 actual net profit customer example make net profit earn make 100 net profit earn 20 active customers refer potentially earn fixed salary project performance-based affiliate opportunity earnings depend customers successfully refer profit generate especially interested freelancers experience b2b sales affiliate marketing saas marketing lead generation digital marketing selling services local businesses create account get referral link login view url internet marketing internet marketing sales marketing advertising affiliate marketing digital marketing lead generation b2b marketing unknown,"**Affiliate Marketers Wanted – Earn 20% of Our Profit**

I'm looking for freelancers and affiliate marketers who can bring paying customers to my AI Customer Service platform:

[login to view URL]

**What does the platform do?**

Auto Customer Service AI helps businesses automate their customer service using AI. Businesses can teach the AI about their products, services, prices, opening hours, policies, and other information.

The AI can then handle customer interactions, including phone calls and messages, and answer customers based on the information provided by the business.

**How do you earn?**

1. Create an account on the website.
2. Get your unique referral link.
3. Promote the platform and bring businesses/customers through your link.
4. When a referred customer generates profit for the platform, you earn **20% of our actual net profit** from that customer.

For example:

If we make **$5 net profit**, you earn **$1**.

If we make **$100 net profit**, you earn **$20**.

The more active customers you refer, the more you can potentially earn.

There is no fixed salary for this project. This is a **performance-based affiliate opportunity**, so your earnings depend on the customers you successfully refer and the profit they generate.

I'm especially interested in freelancers who have experience with **B2B sales, affiliate marketing, SaaS marketing, lead generation, digital marketing, or selling services to local businesses.**

 **Create your account and get your referral link here:**
[login to view URL]",affiliate | marketers | wanted | earn | 20 | profit | -- | affiliate | marketers | wanted | earn | 20 | profit | looking | freelancers | affiliate | marketers | bring | paying | customers | ai | customer | service | platform | login | view | url | platform | auto | customer | service | ai | helps | businesses | automate | customer | service | using | ai | businesses | teach | ai | products | services | prices | opening | hours | policies | information | ai | handle | customer | interactions | including | phone | calls | messages | answer | customers | based | information | provided | business | earn | create | account | website | get | unique | referral | link | promote | platform | bring | businesses | customers | link | referred | customer | generates | profit | platform | earn | 20 | actual | net | profit | customer | example | make | net | profit | earn | make | 100 | net | profit | earn | 20 | active | customers | refer | potentially | earn | fixed | salary | project | performance-based | affiliate | opportunity | earnings | depend | customers | successfully | refer | profit | generate | especially | interested | freelancers | experience | b2b | sales | affiliate | marketing | saas | marketing | lead | generation | digital | marketing | selling | services | local | businesses | create | account | get | referral | link | login | view | url | internet | marketing | internet | marketing | sales | marketing | advertising | affiliate | marketing | digital | marketing | lead | generation | b2b | marketing | unknown,159,4000.0,GBP,fixed,internet marketing | internet marketing | sales | marketing | advertising | affiliate marketing | digital marketing | lead generation | b2b marketing,unknown,Unknown
Freelancer.com,https://www.freelancer.com/projects/data-analysis/excel-spreadsheet-data-entry-40748825,Excel Spreadsheet Data Entry,excel spreadsheet data entry need reliable help keeping several microsoft excel workbooks accurate tidy easy navigate co,excel spreadsheet data entry need reliable help keeping several microsoft excel workbooks accurate tidy easy navigate core job straightforward take raw information supply enter correct worksheets apply existing column formats keep everything consistently organized run analysis without hunting errors work done excel comfortable basic functions quick shortcuts little details guarantee clean data consistent date formats stray spaces correct text case etc prefer google sheets another platform fine prep work final files must delivered back xlsx typical weekly flow share new records updates via cloud folder enter tidy double-check everything source flag anomalies missing fields submitting updated workbook deliverable single updated xlsx file new data correctly entered formatted error-checked ready immediate use eye detail solid grasp excel fundamentals turn around updates quickly let get started data analysis data analysis data entry data management data processing excel excel macros excel vba microsoft office unknown,"I need reliable help keeping several Microsoft Excel workbooks accurate, tidy, and easy to navigate. The core of the job is straightforward: take raw information I supply, enter it in the correct worksheets, apply the existing column formats, and keep everything consistently organized so I can run my own analysis without hunting for errors.

All work will be done in Excel—so you should be comfortable with its basic functions, quick shortcuts, and the little details that guarantee clean data (consistent date formats, no stray spaces, correct text case, etc.). If you prefer Google Sheets or another platform that’s fine for your own prep work, but the final files must be delivered back as .xlsx.

Typical weekly flow 
• I share new records or updates via cloud folder. 
• You enter, tidy, and double-check everything against the source. 
• You flag any anomalies or missing fields before submitting the updated workbook. 

Deliverable 
A single, updated .xlsx file with all new data correctly entered, formatted, and error-checked—ready for immediate use. 

If you have an eye for detail, a solid grasp of Excel fundamentals, and can turn around updates quickly, let’s get started.",excel | spreadsheet | data | entry | need | reliable | help | keeping | several | microsoft | excel | workbooks | accurate | tidy | easy | navigate | core | job | straightforward | take | raw | information | supply | enter | correct | worksheets | apply | existing | column | formats | keep | everything | consistently | organized | run | analysis | without | hunting | errors | work | done | excel | comfortable | basic | functions | quick | shortcuts | little | details | guarantee | clean | data | consistent | date | formats | stray | spaces | correct | text | case | etc | prefer | google | sheets | another | platform | fine | prep | work | final | files | must | delivered | back | xlsx | typical | weekly | flow | share | new | records | updates | via | cloud | folder | enter | tidy | double-check | everything | source | flag | anomalies | missing | fields | submitting | updated | workbook | deliverable | single | updated | xlsx | file | new | data | correctly | entered | formatted | error-checked | ready | immediate | use | eye | detail | solid | grasp | excel | fundamentals | turn | around | updates | quickly | let | get | started | data | analysis | data | analysis | data | entry | data | management | data | processing | excel | excel | macros | excel | vba | microsoft | office | unknown,142,1000.0,INR,fixed,data analysis | data analysis | data entry | data management | data processing | excel | excel macros | excel vba | microsoft office,unknown,Unknown
Freelancer.com,https://www.freelancer.com/projects/blender/manual-fallout-style-avatar,Manual Fallout-Style 3D Avatar,manual fallout-style 3d avatar need shoulder-length head model sculpted hand blender photo supply think classic talking ,manual fallout-style 3d avatar need shoulder-length head model sculpted hand blender photo supply think classic talking heads fallout fallout sonora mod slightly plasticine worn gritty yet unmistakably faithful original facial structure hair person reference image scope work model sculpt head neck small part shoulders capturing key likeness features without drifting photorealism add iconic fallout-era armor accessories power armor elements leather jacket plates combat visor parts whichever best frames portrait keeping recognisable paint hand-made textures muted dusty colour palette games use edge-wear clay-like shading procedural ai-generated shortcuts everything must brush-painted baked manually keep mesh topology clean sensible edge loops later rig jaw eyes neck talking idle animations create simple background plate matches original games dialogue screens rusty metal crt flicker vault interiors artistic call long screams classic fallout deliverable single blender project blend containing finished unrigged animation-ready head model hand-painted texture maps diffuse albedo minimum plus roughness spec use background plane mesh texture organised collections named materials pick file animate right away please stick strictly manual modelling texturing ai auto-generated assets rejected happy answer style questions share additional reference shots process blender blender 3d art game design game asset creation 3d modelling 3d rendering 3d animation maya unknown,"I need a shoulder-length head model sculpted by hand in Blender from a photo I will supply. Think of the classic talking heads in Fallout 1, Fallout 2, and the Sonora mod: slightly “plasticine”, worn, and gritty, yet unmistakably faithful to the original facial structure and hair of the person in the reference image. 

Scope of work 
• Model and sculpt the head, neck, and a small part of the shoulders, capturing key likeness features without drifting into photorealism. 
• Add iconic Fallout-era armor or accessories (Power Armor elements, leather jacket plates, combat visor parts—whichever best frames the portrait while keeping it recognisable). 
• Paint hand-made textures in the same muted, dusty colour palette those games use, with edge-wear and clay-like shading. No procedural or AI-generated shortcuts—everything must be brush-painted or baked manually. 
• Keep mesh topology clean, with sensible edge loops so I can later rig the jaw, eyes, and neck for talking or idle animations. 
• Create a simple background plate that matches the original games’ dialogue screens: rusty metal, CRT flicker, or vault interiors—your artistic call as long as it screams “classic Fallout”. 

Deliverable 
A single Blender project (.blend) containing: 
1. Finished, unrigged but animation-ready head model. 
2. All hand-painted texture maps (diffuse/albedo at minimum, plus roughness or spec if you use them). 
3. The background plane or mesh with its texture. 
4. Organised collections and named materials so I can pick up the file and animate right away.

Please stick strictly to manual modelling and texturing; AI or auto-generated assets will be rejected. I’m happy to answer style questions or share additional reference shots during the process.",manual | fallout-style | 3d | avatar | need | shoulder-length | head | model | sculpted | hand | blender | photo | supply | think | classic | talking | heads | fallout | fallout | sonora | mod | slightly | plasticine | worn | gritty | yet | unmistakably | faithful | original | facial | structure | hair | person | reference | image | scope | work | model | sculpt | head | neck | small | part | shoulders | capturing | key | likeness | features | without | drifting | photorealism | add | iconic | fallout-era | armor | accessories | power | armor | elements | leather | jacket | plates | combat | visor | parts | whichever | best | frames | portrait | keeping | recognisable | paint | hand-made | textures | muted | dusty | colour | palette | games | use | edge-wear | clay-like | shading | procedural | ai-generated | shortcuts | everything | must | brush-painted | baked | manually | keep | mesh | topology | clean | sensible | edge | loops | later | rig | jaw | eyes | neck | talking | idle | animations | create | simple | background | plate | matches | original | games | dialogue | screens | rusty | metal | crt | flicker | vault | interiors | artistic | call | long | screams | classic | fallout | deliverable | single | blender | project | blend | containing | finished | unrigged | animation-ready | head | model | hand-painted | texture | maps | diffuse | albedo | minimum | plus | roughness | spec | use | background | plane | mesh | texture | organised | collections | named | materials | pick | file | animate | right | away | please | stick | strictly | manual | modelling | texturing | ai | auto-generated | assets | rejected | happy | answer | style | questions | share | additional | reference | shots | process | blender | blender | 3d | art | game | design | game | asset | creation | 3d | modelling | 3d | rendering | 3d | animation | maya | unknown,197,20.0,USD,fixed,blender | blender | 3d art | game design | game asset creation | 3d modelling | 3d rendering | 3d animation | maya,unknown,Unknown
Freelancer.com,https://www.freelancer.com/projects/google-sheets/skincare-pricing-data-entry,Skincare Pricing Data Entry,skincare pricing data entry 50 pdf files contain up-to-date pricing stock counts entire skin-care line jiomart numbers m,skincare pricing data entry 50 pdf files contain up-to-date pricing stock counts entire skin-care line jiomart numbers must transferred accurately jiomart seller dashboard product shows correct price mrp offer price applicable real-time inventory level pdfs clean well structured spreadsheet need read file key data directly relevant fields product descriptions ingredient lists involved pricing inventory details deliverables correct prices inventory quantities entered every listed sku jiomart account simple completion sheet excel google sheet showing sku price stock entry cross-checking spot-checks passed values dashboard must match source pdfs 100 please use reliable pdf-to-data workflow prefer manual entry ocr tools mix long final figures flawless accuracy speed equally important inventory changes daily plan review release payment soon verification sheet matches dashboard without discrepancies google sheets google sheets data management inventory management data analysis excel data entry data processing web search unknown,"I have more than 50 PDF files that contain the up-to-date pricing and stock counts for my entire skin-care line on JioMart. All of these numbers must be transferred accurately into the JioMart seller dashboard so that each product shows the correct price, MRP, offer price (where applicable), and real-time inventory level.

The PDFs are clean and well‐structured, but they are not in a spreadsheet, so you will need to read each file and key the data directly into the relevant fields. No product descriptions or ingredient lists are involved—only pricing and inventory details.

Deliverables
• Correct prices and inventory quantities entered for every listed SKU on my JioMart account 
• A simple completion sheet (Excel or Google Sheet) showing SKU, price, and stock after entry for cross-checking 
• Spot-checks passed: values in the dashboard must match the source PDFs 100 %

Please use any reliable PDF-to-data workflow you prefer—manual entry, OCR tools, or a mix—so long as the final figures are flawless. Accuracy and speed are equally important because inventory changes daily, and I plan to review and release payment as soon as the verification sheet matches the dashboard without discrepancies.",skincare | pricing | data | entry | 50 | pdf | files | contain | up-to-date | pricing | stock | counts | entire | skin-care | line | jiomart | numbers | must | transferred | accurately | jiomart | seller | dashboard | product | shows | correct | price | mrp | offer | price | applicable | real-time | inventory | level | pdfs | clean | well | structured | spreadsheet | need | read | file | key | data | directly | relevant | fields | product | descriptions | ingredient | lists | involved | pricing | inventory | details | deliverables | correct | prices | inventory | quantities | entered | every | listed | sku | jiomart | account | simple | completion | sheet | excel | google | sheet | showing | sku | price | stock | entry | cross-checking | spot-checks | passed | values | dashboard | must | match | source | pdfs | 100 | please | use | reliable | pdf-to-data | workflow | prefer | manual | entry | ocr | tools | mix | long | final | figures | flawless | accuracy | speed | equally | important | inventory | changes | daily | plan | review | release | payment | soon | verification | sheet | matches | dashboard | without | discrepancies | google | sheets | google | sheets | data | management | inventory | management | data | analysis | excel | data | entry | data | processing | web | search | unknown,138,11.5,USD,fixed,google sheets | google sheets | data management | inventory management | data analysis | excel | data entry | data processing | web search,unknown,Unknown
Freelancer.com,https://www.freelancer.com/projects/internet-marketing/affiliate-marketers-wanted-earn-our-40748845,**Affiliate Marketers Wanted – Earn 20% of Our Profit** -- 4,affiliate marketers wanted earn 20 profit -- affiliate marketers wanted earn 20 profit looking freelancers affiliate mar,affiliate marketers wanted earn 20 profit -- affiliate marketers wanted earn 20 profit looking freelancers affiliate marketers bring paying customers ai customer service platform login view url platform auto customer service ai helps businesses automate customer service using ai businesses teach ai products services prices opening hours policies information ai handle customer interactions including phone calls messages answer customers based information provided business earn create account website get unique referral link promote platform bring businesses customers link referred customer generates profit platform earn 20 actual net profit customer example make net profit earn make 100 net profit earn 20 active customers refer potentially earn fixed salary project performance-based affiliate opportunity earnings depend customers successfully refer profit generate especially interested freelancers experience b2b sales affiliate marketing saas marketing lead generation digital marketing selling services local businesses create account get referral link login view url internet marketing internet marketing sales marketing advertising affiliate marketing digital marketing lead generation b2b marketing unknown,"**Affiliate Marketers Wanted – Earn 20% of Our Profit**

I'm looking for freelancers and affiliate marketers who can bring paying customers to my AI Customer Service platform:

[login to view URL]

**What does the platform do?**

Auto Customer Service AI helps businesses automate their customer service using AI. Businesses can teach the AI about their products, services, prices, opening hours, policies, and other information.

The AI can then handle customer interactions, including phone calls and messages, and answer customers based on the information provided by the business.

**How do you earn?**

1. Create an account on the website.
2. Get your unique referral link.
3. Promote the platform and bring businesses/customers through your link.
4. When a referred customer generates profit for the platform, you earn **20% of our actual net profit** from that customer.

For example:

If we make **$5 net profit**, you earn **$1**.

If we make **$100 net profit**, you earn **$20**.

The more active customers you refer, the more you can potentially earn.

There is no fixed salary for this project. This is a **performance-based affiliate opportunity**, so your earnings depend on the customers you successfully refer and the profit they generate.

I'm especially interested in freelancers who have experience with **B2B sales, affiliate marketing, SaaS marketing, lead generation, digital marketing, or selling services to local businesses.**

 **Create your account and get your referral link here:**
[login to view URL]",affiliate | marketers | wanted | earn | 20 | profit | -- | affiliate | marketers | wanted | earn | 20 | profit | looking | freelancers | affiliate | marketers | bring | paying | customers | ai | customer | service | platform | login | view | url | platform | auto | customer | service | ai | helps | businesses | automate | customer | service | using | ai | businesses | teach | ai | products | services | prices | opening | hours | policies | information | ai | handle | customer | interactions | including | phone | calls | messages | answer | customers | based | information | provided | business | earn | create | account | website | get | unique | referral | link | promote | platform | bring | businesses | customers | link | referred | customer | generates | profit | platform | earn | 20 | actual | net | profit | customer | example | make | net | profit | earn | make | 100 | net | profit | earn | 20 | active | customers | refer | potentially | earn | fixed | salary | project | performance-based | affiliate | opportunity | earnings | depend | customers | successfully | refer | profit | generate | especially | interested | freelancers | experience | b2b | sales | affiliate | marketing | saas | marketing | lead | generation | digital | marketing | selling | services | local | businesses | create | account | get | referral | link | login | view | url | internet | marketing | internet | marketing | sales | marketing | advertising | affiliate | marketing | digital | marketing | lead | generation | b2b | marketing | unknown,159,2250.0,GBP,fixed,internet marketing | internet marketing | sales | marketing | advertising | affiliate marketing | digital marketing | lead generation | b2b marketing,unknown,Unknown
Freelancer.com,https://www.freelancer.com/projects/html/website-for-modern-style-portfolio-40748821,Website for modern style portfolio site - 04/10/2026 00:57 EDT,website modern style portfolio site 04 10 2026 00 57 edt ready launch online store need developer take idea concept full,website modern style portfolio site 04 10 2026 00 57 edt ready launch online store need developer take idea concept fully live revenue-generating site single clear objective sell products services directly customers every decision information architecture checkout flow push conversion rates upward locked specific platform open wordpress woocommerce shopify completely custom build justify offers better path scale speed unique functionality pitch stack believe deliver smoothest user experience simplest maintain key things looking modern responsive storefront looks sharp mobile desktop secure payment processing tax shipping rules set correctly clear order-tracking customers clean back-end dashboard manage inventory pricing promos basic seo tweaks without developer help fast page loads on-page seo best practices baked day one post-launch support iron bugs walk routine admin tasks portfolio high-converting online shops share metrics prove past work drives sales carry lot weight happy provide product details branding assets copy soon agree roadmap let know proposed platform timeline milestones set get us kickoff first sale html html payment processing php shopify web development website design woocommerce wordpress unknown,"I’m ready to launch an online store and need a developer who can take the idea from concept to a fully live, revenue-generating site. The single, clear objective is to sell products and services directly to customers, so every decision—from information architecture to checkout flow—should push conversion rates upward.

I have not locked myself into any specific platform; I’m open to WordPress + WooCommerce, Shopify, or a completely custom build if you can justify why it offers a better path to scale, speed, or unique functionality. Pitch me the stack you believe will deliver the smoothest user experience and be simplest for me to maintain.

Key things I’ll be looking for:
• A modern, responsive storefront that looks sharp on mobile and desktop 
• Secure payment processing, tax/shipping rules set up correctly, and clear order-tracking for customers 
• A clean back-end dashboard so I can manage inventory, pricing, promos, and basic SEO tweaks without developer help 
• Fast page loads and on-page SEO best practices baked in from day one 
• Post-launch support to iron out any bugs and walk me through routine admin tasks

If you have a portfolio of high-converting online shops or can share metrics that prove your past work drives sales, that will carry a lot of weight. I’m happy to provide product details, branding assets, and copy as soon as we agree on the roadmap.

Let me know your proposed platform, timeline, and the milestones you’d set to get us from kickoff to first sale.",website | modern | style | portfolio | site | 04 | 10 | 2026 | 00 | 57 | edt | ready | launch | online | store | need | developer | take | idea | concept | fully | live | revenue-generating | site | single | clear | objective | sell | products | services | directly | customers | every | decision | information | architecture | checkout | flow | push | conversion | rates | upward | locked | specific | platform | open | wordpress | woocommerce | shopify | completely | custom | build | justify | offers | better | path | scale | speed | unique | functionality | pitch | stack | believe | deliver | smoothest | user | experience | simplest | maintain | key | things | looking | modern | responsive | storefront | looks | sharp | mobile | desktop | secure | payment | processing | tax | shipping | rules | set | correctly | clear | order-tracking | customers | clean | back-end | dashboard | manage | inventory | pricing | promos | basic | seo | tweaks | without | developer | help | fast | page | loads | on-page | seo | best | practices | baked | day | one | post-launch | support | iron | bugs | walk | routine | admin | tasks | portfolio | high-converting | online | shops | share | metrics | prove | past | work | drives | sales | carry | lot | weight | happy | provide | product | details | branding | assets | copy | soon | agree | roadmap | let | know | proposed | platform | timeline | milestones | set | get | us | kickoff | first | sale | html | html | payment | processing | php | shopify | web | development | website | design | woocommerce | wordpress | unknown,170,25000.0,INR,fixed,html | html | payment processing | php | shopify | web development | website design | woocommerce | wordpress,unknown,Unknown
Freelancer.com,https://www.freelancer.com/projects/photography/luxury-dollhouse-photography,Luxury Dollhouse Photography,luxury dollhouse photography seeking skilled photographer capture luxury dollhouse product photographs convey modern ele,luxury dollhouse photography seeking skilled photographer capture luxury dollhouse product photographs convey modern elegance set luxurious indoor environment key requirements high-quality professional photography skills experience luxury products ability style modern elegance theme access ability create luxurious indoor setting ideal skills proficiency lighting composition strong portfolio luxury elegance themes attention detail creativity please include portfolio bids relevant experience photography photography photo editing lighting creative design product photography interior design visual arts event photography unknown,"I'm seeking a skilled photographer to capture my luxury dollhouse product. The photographs should convey modern elegance and be set in a luxurious indoor environment.

Key Requirements:
- High-quality, professional photography skills
- Experience with luxury products
- Ability to style for a modern elegance theme
- Access to or ability to create a luxurious indoor setting

Ideal Skills:
- Proficiency in lighting and composition
- Strong portfolio in luxury and elegance themes
- Attention to detail and creativity

Please include a portfolio with your bids and any relevant experience.",luxury | dollhouse | photography | seeking | skilled | photographer | capture | luxury | dollhouse | product | photographs | convey | modern | elegance | set | luxurious | indoor | environment | key | requirements | high-quality | professional | photography | skills | experience | luxury | products | ability | style | modern | elegance | theme | access | ability | create | luxurious | indoor | setting | ideal | skills | proficiency | lighting | composition | strong | portfolio | luxury | elegance | themes | attention | detail | creativity | please | include | portfolio | bids | relevant | experience | photography | photography | photo | editing | lighting | creative | design | product | photography | interior | design | visual | arts | event | photography | unknown,73,500.0,USD,fixed,photography | photography | photo editing | lighting | creative design | product photography | interior design | visual arts | event photography,unknown,Unknown
Freelancer.com,https://www.freelancer.com/projects/market-analysis/ahmedabad-magnesium-sulphate-growth,Ahmedabad Magnesium Sulphate Growth Consulting,ahmedabad magnesium sulphate growth consulting looking experienced consultant agency ahmedabad strong track record magne,ahmedabad magnesium sulphate growth consulting looking experienced consultant agency ahmedabad strong track record magnesium sulphate market immediate priority boost sales need support three fronts thorough market analysis map current demand pricing trends skilled supplier negotiations secure better terms volumes robust quality-assurance guidance every batch consistently meets buyer expectations expected examine local export opportunities review existing supplier contracts design practical quality checklist aligns industry standards value clear data-backed recommendations actionable roadmap implement quickly deliverables market analysis report highlighting demand segments competitor positioning price points negotiation strategy possible direct participation coaching supplier talks step-by-step quality-assurance protocol testing parameters documentation templates please outline relevant experience magnesium-based chemicals sector notable results achieved similar clients timeframe would need deliver items market analysis market analysis business consulting market research data analysis business analysis business plans project management report writing unknown,"I am looking for an experienced consultant or agency in Ahmedabad with a strong track record in the magnesium sulphate market. My immediate priority is to boost sales, and to do that I need support on three fronts: thorough market analysis to map current demand and pricing trends, skilled supplier negotiations to secure better terms and volumes, and robust quality-assurance guidance so every batch consistently meets buyer expectations.

You will be expected to examine local and export opportunities, review my existing supplier contracts, and design a practical quality checklist that aligns with industry standards. I value clear, data-backed recommendations and an actionable roadmap I can implement quickly. 

Deliverables 
• Market analysis report highlighting demand segments, competitor positioning and price points 
• Negotiation strategy and, if possible, direct participation or coaching during supplier talks 
• Step-by-step quality-assurance protocol with testing parameters and documentation templates 

Please outline your relevant experience in the magnesium-based chemicals sector, any notable results you have achieved for similar clients, and the timeframe you would need to deliver the above items.",ahmedabad | magnesium | sulphate | growth | consulting | looking | experienced | consultant | agency | ahmedabad | strong | track | record | magnesium | sulphate | market | immediate | priority | boost | sales | need | support | three | fronts | thorough | market | analysis | map | current | demand | pricing | trends | skilled | supplier | negotiations | secure | better | terms | volumes | robust | quality-assurance | guidance | every | batch | consistently | meets | buyer | expectations | expected | examine | local | export | opportunities | review | existing | supplier | contracts | design | practical | quality | checklist | aligns | industry | standards | value | clear | data-backed | recommendations | actionable | roadmap | implement | quickly | deliverables | market | analysis | report | highlighting | demand | segments | competitor | positioning | price | points | negotiation | strategy | possible | direct | participation | coaching | supplier | talks | step-by-step | quality-assurance | protocol | testing | parameters | documentation | templates | please | outline | relevant | experience | magnesium-based | chemicals | sector | notable | results | achieved | similar | clients | timeframe | would | need | deliver | items | market | analysis | market | analysis | business | consulting | market | research | data | analysis | business | analysis | business | plans | project | management | report | writing | unknown,134,7000.0,INR,fixed,market analysis | market analysis | business consulting | market research | data analysis | business analysis | business plans | project management | report writing,unknown,Unknown
Freelancer.com,https://www.freelancer.com/projects/internet-marketing/affiliate-marketers-wanted-earn-our-40748839,**Affiliate Marketers Wanted – Earn 20% of Our Profit** -- 3,affiliate marketers wanted earn 20 profit -- affiliate marketers wanted earn 20 profit looking freelancers affiliate mar,affiliate marketers wanted earn 20 profit -- affiliate marketers wanted earn 20 profit looking freelancers affiliate marketers bring paying customers ai customer service platform login view url platform auto customer service ai helps businesses automate customer service using ai businesses teach ai products services prices opening hours policies information ai handle customer interactions including phone calls messages answer customers based information provided business earn create account website get unique referral link promote platform bring businesses customers link referred customer generates profit platform earn 20 actual net profit customer example make net profit earn make 100 net profit earn 20 active customers refer potentially earn fixed salary project performance-based affiliate opportunity earnings depend customers successfully refer profit generate especially interested freelancers experience b2b sales affiliate marketing saas marketing lead generation digital marketing selling services local businesses create account get referral link login view url internet marketing internet marketing sales marketing advertising affiliate marketing digital marketing lead generation b2b marketing unknown,"**Affiliate Marketers Wanted – Earn 20% of Our Profit**

I'm looking for freelancers and affiliate marketers who can bring paying customers to my AI Customer Service platform:

[login to view URL]

**What does the platform do?**

Auto Customer Service AI helps businesses automate their customer service using AI. Businesses can teach the AI about their products, services, prices, opening hours, policies, and other information.

The AI can then handle customer interactions, including phone calls and messages, and answer customers based on the information provided by the business.

**How do you earn?**

1. Create an account on the website.
2. Get your unique referral link.
3. Promote the platform and bring businesses/customers through your link.
4. When a referred customer generates profit for the platform, you earn **20% of our actual net profit** from that customer.

For example:

If we make **$5 net profit**, you earn **$1**.

If we make **$100 net profit**, you earn **$20**.

The more active customers you refer, the more you can potentially earn.

There is no fixed salary for this project. This is a **performance-based affiliate opportunity**, so your earnings depend on the customers you successfully refer and the profit they generate.

I'm especially interested in freelancers who have experience with **B2B sales, affiliate marketing, SaaS marketing, lead generation, digital marketing, or selling services to local businesses.**

 **Create your account and get your referral link here:**
[login to view URL]",affiliate | marketers | wanted | earn | 20 | profit | -- | affiliate | marketers | wanted | earn | 20 | profit | looking | freelancers | affiliate | marketers | bring | paying | customers | ai | customer | service | platform | login | view | url | platform | auto | customer | service | ai | helps | businesses | automate | customer | service | using | ai | businesses | teach | ai | products | services | prices | opening | hours | policies | information | ai | handle | customer | interactions | including | phone | calls | messages | answer | customers | based | information | provided | business | earn | create | account | website | get | unique | referral | link | promote | platform | bring | businesses | customers | link | referred | customer | generates | profit | platform | earn | 20 | actual | net | profit | customer | example | make | net | profit | earn | make | 100 | net | profit | earn | 20 | active | customers | refer | potentially | earn | fixed | salary | project | performance-based | affiliate | opportunity | earnings | depend | customers | successfully | refer | profit | generate | especially | interested | freelancers | experience | b2b | sales | affiliate | marketing | saas | marketing | lead | generation | digital | marketing | selling | services | local | businesses | create | account | get | referral | link | login | view | url | internet | marketing | internet | marketing | sales | marketing | advertising | affiliate | marketing | digital | marketing | lead | generation | b2b | marketing | unknown,159,500.0,GBP,fixed,internet marketing | internet marketing | sales | marketing | advertising | affiliate marketing | digital marketing | lead generation | b2b marketing,unknown,Unknown
Freelancer.com,https://www.freelancer.com/projects/powershell/fix-exchange-hybrid-mail-flow,Fix Exchange Hybrid Mail Flow,fix exchange hybrid mail flow running exchange hybrid setup exchange online on-prem 2019 mailbox server messages sent cl,fix exchange hybrid mail flow running exchange hybrid setup exchange online on-prem 2019 mailbox server messages sent cloud reaching mailboxes on-premises mail flow way around fine fault lies somewhere cloud-to-on-premises path already pulled message traces transport logs show several repeated errors like fresh set eyes confirm root cause validate current hybrid configuration wizard settings correct whatever blocking delivery need review existing hybrid connectors accepted domains send receive connectors related transport rules analyse trace protocol log snippets provide identify exact failure point explain plainly apply guide corrective steps whether certificate re-binding connector tweaks firewall smart-host changes test messages exchange online land successfully on-prem mailbox supply short hand-over note summarising fixed document future audits give remote screen-share access run commands specify powershell exchange admin center office 365 portal engagement complete cloud user send on-premises user without delay ndr fix survives second test 24 hours powershell powershell troubleshooting technical support documentation microsoft exchange windows server active directory network administration unknown,"I’m running an Exchange hybrid setup (Exchange Online with an on-prem 2019 mailbox server) and messages sent from the cloud aren’t reaching mailboxes on-premises. Mail flow the other way around is fine, so the fault lies somewhere in the cloud-to-on-premises path.

I’ve already pulled message traces and transport logs; they show several repeated errors but I’d like a fresh set of eyes to confirm the root cause, validate the current Hybrid Configuration Wizard settings, and correct whatever is blocking delivery.

What I need from you:
• Review the existing hybrid connectors, accepted domains, send/receive connectors, and any related transport rules. 
• Analyse the trace and protocol log snippets I’ll provide, identify the exact failure point, and explain it plainly. 
• Apply or guide me through the corrective steps—whether that’s certificate re-binding, connector tweaks, firewall or smart-host changes—until test messages from Exchange Online land successfully in an on-prem mailbox. 
• Supply a short hand-over note summarising what was fixed so I can document it for future audits.

I’ll give you remote screen-share access (or run commands you specify) in PowerShell, the Exchange Admin Center, and the Office 365 portal. The engagement is complete once a cloud user can send to an on-premises user without delay or NDR, and the fix survives a second test after 24 hours.",fix | exchange | hybrid | mail | flow | running | exchange | hybrid | setup | exchange | online | on-prem | 2019 | mailbox | server | messages | sent | cloud | reaching | mailboxes | on-premises | mail | flow | way | around | fine | fault | lies | somewhere | cloud-to-on-premises | path | already | pulled | message | traces | transport | logs | show | several | repeated | errors | like | fresh | set | eyes | confirm | root | cause | validate | current | hybrid | configuration | wizard | settings | correct | whatever | blocking | delivery | need | review | existing | hybrid | connectors | accepted | domains | send | receive | connectors | related | transport | rules | analyse | trace | protocol | log | snippets | provide | identify | exact | failure | point | explain | plainly | apply | guide | corrective | steps | whether | certificate | re-binding | connector | tweaks | firewall | smart-host | changes | test | messages | exchange | online | land | successfully | on-prem | mailbox | supply | short | hand-over | note | summarising | fixed | document | future | audits | give | remote | screen-share | access | run | commands | specify | powershell | exchange | admin | center | office | 365 | portal | engagement | complete | cloud | user | send | on-premises | user | without | delay | ndr | fix | survives | second | test | 24 | hours | powershell | powershell | troubleshooting | technical | support | documentation | microsoft | exchange | windows | server | active | directory | network | administration | unknown,157,20.0,USD,fixed,powershell | powershell | troubleshooting | technical support | documentation | microsoft exchange | windows server | active directory | network administration,unknown,Unknown
Freelancer.com,https://www.freelancer.com/projects/3d-design/house-model-creation,3D House Model Creation,3d house model creation need 3d model three-story house floor plans using autocad requirements use provided blueprints c,3d house model creation need 3d model three-story house floor plans using autocad requirements use provided blueprints create model include basic structure detailed interiors furnishings ideal skills experience proficiency autocad experience 3d modeling blueprints attention detail accuracy 3d design 3d design 3d drafting 3d architecture 3d visualization 3d modelling 3d rendering autocad building architecture unknown,"I need a 3D model of my three-story house floor plans using AutoCAD. 

Requirements:
- Use provided blueprints to create the model.
- Include only the basic structure, no detailed interiors or furnishings.

Ideal Skills & Experience:
- Proficiency in AutoCAD
- Experience with 3D modeling from blueprints
- Attention to detail and accuracy",3d | house | model | creation | need | 3d | model | three-story | house | floor | plans | using | autocad | requirements | use | provided | blueprints | create | model | include | basic | structure | detailed | interiors | furnishings | ideal | skills | experience | proficiency | autocad | experience | 3d | modeling | blueprints | attention | detail | accuracy | 3d | design | 3d | design | 3d | drafting | 3d | architecture | 3d | visualization | 3d | modelling | 3d | rendering | autocad | building | architecture | unknown,55,7000.0,INR,fixed,3d design | 3d design | 3d drafting | 3d architecture | 3d visualization | 3d modelling | 3d rendering | autocad | building architecture,unknown,Unknown
Freelancer.com,https://www.freelancer.com/projects/wix/modernize-wix-website,Modernize My Wix Website,modernize wix website ready give current wix site thorough refresh feels clean modern minimalistic moment visitors land ,modernize wix website ready give current wix site thorough refresh feels clean modern minimalistic moment visitors land job spans three intertwined areas design layout want sleeker grid better use white space harmonious typography overall visual hierarchy guides user naturally content supply revised text new set images need drop format readability make sure everything seo-friendly functionality light improvements refining navigation tightening mobile breakpoints polishing contact form making sure galleries dynamic sections load fast look consistent everything remain within wix platform migration solid experience wix editor velo helpful important work done like quick hand-off session know tweak copy swap photos future aligns skill set let discuss timelines access details wix wix web design seo web development website design graphic design html php unknown,"I’m ready to give my current Wix site a thorough refresh so it feels clean, modern and minimalistic from the moment visitors land on it. The job spans three intertwined areas:

• Design & Layout – I want a sleeker grid, better use of white space, harmonious typography and an overall visual hierarchy that guides the user naturally. 
• Content – I will supply revised text and a new set of images; I need you to drop them in, format for readability, and make sure everything is SEO-friendly. 
• Functionality – Light improvements such as refining the navigation, tightening the mobile breakpoints, polishing the contact form, and making sure any galleries or dynamic sections load fast and look consistent.

Everything should remain within Wix—no platform migration—so solid experience with the Wix Editor (or Velo where helpful) is important. Once the work is done, I’d like a quick hand-off session so I know how to tweak copy or swap photos in the future.

If this aligns with your skill set, let’s discuss timelines and access details.",modernize | wix | website | ready | give | current | wix | site | thorough | refresh | feels | clean | modern | minimalistic | moment | visitors | land | job | spans | three | intertwined | areas | design | layout | want | sleeker | grid | better | use | white | space | harmonious | typography | overall | visual | hierarchy | guides | user | naturally | content | supply | revised | text | new | set | images | need | drop | format | readability | make | sure | everything | seo-friendly | functionality | light | improvements | refining | navigation | tightening | mobile | breakpoints | polishing | contact | form | making | sure | galleries | dynamic | sections | load | fast | look | consistent | everything | remain | within | wix | platform | migration | solid | experience | wix | editor | velo | helpful | important | work | done | like | quick | hand-off | session | know | tweak | copy | swap | photos | future | aligns | skill | set | let | discuss | timelines | access | details | wix | wix | web | design | seo | web | development | website | design | graphic | design | html | php | unknown,121,25000.0,INR,fixed,wix | wix | web design | seo | web development | website design | graphic design | html | php,unknown,Unknown
Freelancer.com,https://www.freelancer.com/projects/html5/wordpress-specialist-for-law-portal,WordPress Specialist for Law Portal Maintenance,wordpress specialist law portal maintenance purpose handles day-to-day wordpress site maintenance plugin conflicts lead ,wordpress specialist law portal maintenance purpose handles day-to-day wordpress site maintenance plugin conflicts lead magnet integrations landing page builds ga4 analytics health job summary looking hands-on wordpress specialist manage optimize philippine labor law reference portal oversee lead capture workflows custom page templates payment gateway integrations maintain clean ga4 analytics tracking acquisition readiness key responsibilities wordpress management maintain self-hosted wordpress site optimize speed performance manage plugins yoast rank math mailpoet resolve php javascript execution conflicts lead capture email workflows set opt-in forms autoresponder email sequences gated pdf distribution list segmentation mailpoet frontend customization build style responsive landing pages directory cards calculator interfaces using html5 css3 modern page builders custom blocks analytics tracking maintain clean google analytics ga4 google search console tracking event triggers demographic conversion tracking booking gateway support monitor debug booking flows using tidycal giyapay required skills qualifications core tech wordpress administration php html5 css3 javascript jquery tooling mailpoet yoast rank math tidycal giyapay convertful analytics google analytics ga4 google search console google tag manager experience level years wordpress web operations digital setup html5 html5 css3 javascript jquery php wordpress html website design unknown,"Purpose: Handles day-to-day WordPress site maintenance, plugin conflicts, lead magnet integrations, landing page builds, and GA4 analytics health. 

Job Summary
We are looking for a hands-on WordPress Specialist to manage and optimize our Philippine labor law reference portal. You will oversee lead capture workflows, custom page templates, payment gateway integrations, and maintain clean GA4 analytics tracking for acquisition readiness. 

Key Responsibilities

WordPress Management: Maintain self-hosted WordPress site, optimize speed/performance, manage plugins (Yoast/Rank Math, MailPoet), and resolve PHP/JavaScript execution conflicts. 


Lead Capture & Email Workflows: Set up opt-in forms, autoresponder email sequences, gated PDF distribution, and list segmentation in MailPoet. 


Frontend Customization: Build and style responsive landing pages, directory cards, and calculator interfaces using HTML5, CSS3, and modern page builders/custom blocks. 


Analytics & Tracking: Maintain clean Google Analytics 4 (GA4) and Google Search Console tracking, event triggers, and demographic conversion tracking. 


Booking & Gateway Support: Monitor and debug booking flows using TidyCal and GiyaPay. 

Required Skills & Qualifications

Core Tech: WordPress administration, PHP, HTML5, CSS3, JavaScript/jQuery. 


Tooling: MailPoet, Yoast / Rank Math, TidyCal, GiyaPay, Convertful. 


Analytics: Google Analytics 4 (GA4), Google Search Console, Google Tag Manager. 


Experience Level: 2–4 years in WordPress web operations and digital setup.",wordpress | specialist | law | portal | maintenance | purpose | handles | day-to-day | wordpress | site | maintenance | plugin | conflicts | lead | magnet | integrations | landing | page | builds | ga4 | analytics | health | job | summary | looking | hands-on | wordpress | specialist | manage | optimize | philippine | labor | law | reference | portal | oversee | lead | capture | workflows | custom | page | templates | payment | gateway | integrations | maintain | clean | ga4 | analytics | tracking | acquisition | readiness | key | responsibilities | wordpress | management | maintain | self-hosted | wordpress | site | optimize | speed | performance | manage | plugins | yoast | rank | math | mailpoet | resolve | php | javascript | execution | conflicts | lead | capture | email | workflows | set | opt-in | forms | autoresponder | email | sequences | gated | pdf | distribution | list | segmentation | mailpoet | frontend | customization | build | style | responsive | landing | pages | directory | cards | calculator | interfaces | using | html5 | css3 | modern | page | builders | custom | blocks | analytics | tracking | maintain | clean | google | analytics | ga4 | google | search | console | tracking | event | triggers | demographic | conversion | tracking | booking | gateway | support | monitor | debug | booking | flows | using | tidycal | giyapay | required | skills | qualifications | core | tech | wordpress | administration | php | html5 | css3 | javascript | jquery | tooling | mailpoet | yoast | rank | math | tidycal | giyapay | convertful | analytics | google | analytics | ga4 | google | search | console | google | tag | manager | experience | level | years | wordpress | web | operations | digital | setup | html5 | html5 | css3 | javascript | jquery | php | wordpress | html | website | design | unknown,184,7000.0,INR,fixed,html5 | html5 | css3 | javascript | jquery | php | wordpress | html | website design,unknown,Unknown
Freelancer.com,https://www.freelancer.com/projects/api-developmet/senior-aws-api-engineer-needed,Senior AWS & API Engineer Needed,senior aws api engineer needed job summary seeking experienced senior aws api engineer architect build scalable labor la,senior aws api engineer needed job summary seeking experienced senior aws api engineer architect build scalable labor law data platform amazon web services aws responsible designing versioned sql relational schemas writing automated web scraping pipelines government legal portals delivering high-throughput calculation rest apis b2b hr legaltech clients key responsibilities database schema architecture design relational database schemas amazon rds postgresql store versioned statutory rules effective dates contribution brackets legal citations automated ingestion pipelines build scheduled web crawlers scrapers using python beautifulsoup scrapy playwright aws lambda triggered amazon eventbridge monitor changes dole orders government gazettes stateless api microservices develop low-latency rest graphql statutory calculation engines final pay 13th month bir withholding using node.js express fastify python fastapi deployed aws app runner aws fargate ecs api management security configure amazon api gateway api key management rate limiting usage tracking cors policies b2b monetization wordpress webhook integrations connect backend api endpoints webhooks self-hosted wordpress plugins tidycal scheduling events giyapay payment callbacks required skills technical qualifications core languages node.js typescript javascript python php wordpress core plugins understanding aws services amazon rds postgresql aws lambda aws app runner ecs fargate amazon api gateway amazon eventbridge aws secrets manager amazon s3 database expertise advanced postgresql skills complex json queries schema indexing ctes migration scripts api development api development node.js postgresql aws lambda amazon web services python hadoop nosql couch mongo unknown,"Job Summary
We are seeking an experienced Senior AWS & API Engineer to architect and build a scalable labor law data platform on Amazon Web Services (AWS). You will be responsible for designing versioned SQL relational schemas, writing automated web scraping pipelines for government legal portals, and delivering high-throughput calculation REST APIs for B2B HR and LegalTech clients. 
Key Responsibilities

Database & Schema Architecture: Design relational database schemas in Amazon RDS (PostgreSQL) to store versioned statutory rules, effective dates, contribution brackets, and legal citations. 


Automated Ingestion Pipelines: Build scheduled web crawlers and scrapers using Python (BeautifulSoup/Scrapy/Playwright) on AWS Lambda triggered by Amazon EventBridge to monitor changes in DOLE orders and government gazettes. 


Stateless API Microservices: Develop low-latency REST/GraphQL statutory calculation engines (Final Pay, 13th Month, BIR withholding) using Node.js (Express/Fastify) or Python (FastAPI) deployed on AWS App Runner or AWS Fargate (ECS). 


API Management & Security: Configure Amazon API Gateway for API key management, rate limiting, usage tracking, CORS policies, and B2B monetization. 


WordPress & Webhook Integrations: Connect backend API endpoints and webhooks with self-hosted WordPress plugins, TidyCal scheduling events, and GiyaPay payment callbacks. 

Required Skills & Technical Qualifications

Core Languages: Node.js (TypeScript/JavaScript), Python, PHP (WordPress core/plugins understanding). 


AWS Services: Amazon RDS (PostgreSQL), AWS Lambda, AWS App Runner / ECS Fargate, Amazon API Gateway, Amazon EventBridge, AWS Secrets Manager, Amazon S3. 


Database Expertise: Advanced PostgreSQL skills (complex JSON queries, schema indexing, CTEs, migration scripts).",senior | aws | api | engineer | needed | job | summary | seeking | experienced | senior | aws | api | engineer | architect | build | scalable | labor | law | data | platform | amazon | web | services | aws | responsible | designing | versioned | sql | relational | schemas | writing | automated | web | scraping | pipelines | government | legal | portals | delivering | high-throughput | calculation | rest | apis | b2b | hr | legaltech | clients | key | responsibilities | database | schema | architecture | design | relational | database | schemas | amazon | rds | postgresql | store | versioned | statutory | rules | effective | dates | contribution | brackets | legal | citations | automated | ingestion | pipelines | build | scheduled | web | crawlers | scrapers | using | python | beautifulsoup | scrapy | playwright | aws | lambda | triggered | amazon | eventbridge | monitor | changes | dole | orders | government | gazettes | stateless | api | microservices | develop | low-latency | rest | graphql | statutory | calculation | engines | final | pay | 13th | month | bir | withholding | using | node.js | express | fastify | python | fastapi | deployed | aws | app | runner | aws | fargate | ecs | api | management | security | configure | amazon | api | gateway | api | key | management | rate | limiting | usage | tracking | cors | policies | b2b | monetization | wordpress | webhook | integrations | connect | backend | api | endpoints | webhooks | self-hosted | wordpress | plugins | tidycal | scheduling | events | giyapay | payment | callbacks | required | skills | technical | qualifications | core | languages | node.js | typescript | javascript | python | php | wordpress | core | plugins | understanding | aws | services | amazon | rds | postgresql | aws | lambda | aws | app | runner | ecs | fargate | amazon | api | gateway | amazon | eventbridge | aws | secrets | manager | amazon | s3 | database | expertise | advanced | postgresql | skills | complex | json | queries | schema | indexing | ctes | migration | scripts | api | development | api | development | node.js | postgresql | aws | lambda | amazon | web | services | python | hadoop | nosql | couch | mongo | unknown,224,25000.0,INR,fixed,api development | api development | node.js | postgresql | aws lambda | amazon web services | python | hadoop | nosql couch mongo,unknown,Unknown
Freelancer.com,https://www.freelancer.com/projects/vector-design/modern-lms-logo-design,Modern LMS Logo Design,modern lms logo design refreshing learning management system need logo feels home inside clean tech-forward interface vi,modern lms logo design refreshing learning management system need logo feels home inside clean tech-forward interface visual direction firmly modern sleek picture abstract symbol stand app icon yet pair naturally platform wordmark needed creative freedom colour long palette works light dark ui themes feel free propose options concept stage winning concept scale well favicon size full-screen splash keep sharp legibility translate smoothly digital print assets deliverables hand-off primary logo vector format ai svg high-resolution pngs transparent background dark light versions style reference sheet noting colours fonts used provide quick feedback sketches expect two three rounds refinement final approval let create mark immediately signals innovation clarity every learner logs vector design vector design user interface ia adobe illustrator adobe photoshop logo design graphic design photoshop illustrator unknown,"I’m refreshing our Learning Management System and need a logo that feels at home inside a clean, tech-forward interface. The visual direction is firmly modern and sleek, and I picture an abstract symbol that can stand on its own as an app icon yet pair naturally with the platform’s wordmark when needed.

You’ll have creative freedom on colour, as long as the palette works against light and dark UI themes; feel free to propose options during the concept stage. The winning concept should scale well from favicon size to full-screen splash, keep sharp legibility, and translate smoothly to both digital and print assets.

Deliverables (at hand-off):
• Primary logo in vector format (AI or SVG) 
• High-resolution PNGs with transparent background (dark and light versions) 
• Style reference sheet noting colours and any fonts used

I’ll provide quick feedback on sketches and expect two to three rounds of refinement before final approval. Let’s create a mark that immediately signals innovation and clarity to every learner who logs in.",modern | lms | logo | design | refreshing | learning | management | system | need | logo | feels | home | inside | clean | tech-forward | interface | visual | direction | firmly | modern | sleek | picture | abstract | symbol | stand | app | icon | yet | pair | naturally | platform | wordmark | needed | creative | freedom | colour | long | palette | works | light | dark | ui | themes | feel | free | propose | options | concept | stage | winning | concept | scale | well | favicon | size | full-screen | splash | keep | sharp | legibility | translate | smoothly | digital | print | assets | deliverables | hand-off | primary | logo | vector | format | ai | svg | high-resolution | pngs | transparent | background | dark | light | versions | style | reference | sheet | noting | colours | fonts | used | provide | quick | feedback | sketches | expect | two | three | rounds | refinement | final | approval | let | create | mark | immediately | signals | innovation | clarity | every | learner | logs | vector | design | vector | design | user | interface | ia | adobe | illustrator | adobe | photoshop | logo | design | graphic | design | photoshop | illustrator | unknown,126,1050.0,INR,fixed,vector design | vector design | user interface ia | adobe illustrator | adobe photoshop | logo design | graphic design | photoshop | illustrator,unknown,Unknown
Freelancer.com,https://www.freelancer.com/projects/event-management/reliable-event-staff-for-uruguay,Reliable Event Staff for Uruguay Meats Conference,reliable event staff uruguay meats conference looking friendly outgoing reliable event staff member represent uruguay me,reliable event staff uruguay meats conference looking friendly outgoing reliable event staff member represent uruguay meats national meat institute 3-day conference kierland ballroom scottsdale local applicants apply please role involves managing exhibitor table keeping promotional materials organized stocked encouraging visitors take flyer participate spin-to-win wheel activation exchange business card engaging attendees throughout event table also help ensure table set ready coffee break remains stocked throughout day event schedule monday november 00 pm 00 pm setup preparation tuesday november 00 00 pm wednesday november 00 00 pm 4pm tear looking someone personable proactive comfortable interacting conference attendees maintaining table distributing flyers managing prize wheel interested available 2.5 days please let us know event management event management customer service trade show support local job unknown,"We're looking for a friendly, outgoing, and reliable event staff member to represent Uruguay Meats – National Meat Institute at a 3-day conference in the Kierland Ballroom 3 in Scottsdale. Only local applicants apply please.

The role involves managing the exhibitor table, keeping promotional materials organized and stocked, encouraging visitors to take a flyer and participate in a spin-to-win wheel activation, in exchange for their business card, and engaging with attendees throughout the event at the table. You'll also help ensure the table is set up and ready before each coffee break and remains stocked throughout the day.

Event Schedule:
Monday, November 2: 3:00 PM–5:00 PM (setup and preparation)
Tuesday, November 3: 8:00 AM–4:00 PM
Wednesday, November 4: 8:00 AM–4:00 PM (4PM tear down)

We're looking for someone personable, proactive, and comfortable interacting with conference attendees, maintaining the table, distributing flyers, and managing the prize wheel.

If you're interested and available for all 2.5 days, please let us know!",reliable | event | staff | uruguay | meats | conference | looking | friendly | outgoing | reliable | event | staff | member | represent | uruguay | meats | national | meat | institute | 3-day | conference | kierland | ballroom | scottsdale | local | applicants | apply | please | role | involves | managing | exhibitor | table | keeping | promotional | materials | organized | stocked | encouraging | visitors | take | flyer | participate | spin-to-win | wheel | activation | exchange | business | card | engaging | attendees | throughout | event | table | also | help | ensure | table | set | ready | coffee | break | remains | stocked | throughout | day | event | schedule | monday | november | 00 | pm | 00 | pm | setup | preparation | tuesday | november | 00 | 00 | pm | wednesday | november | 00 | 00 | pm | 4pm | tear | looking | someone | personable | proactive | comfortable | interacting | conference | attendees | maintaining | table | distributing | flyers | managing | prize | wheel | interested | available | 2.5 | days | please | let | us | know | event | management | event | management | customer | service | trade | show | support | local | job | unknown,123,20.0,USD,fixed,event management | event management | customer service | trade show support | local job,unknown,Unknown
Freelancer.com,https://www.freelancer.com/projects/meta-pixel/meta-pixel-gtm-lead-tracking,Meta Pixel + GTM Lead Tracking,meta pixel gtm lead tracking site entirely custom-built already meta pixel google tag manager container place two talkin,meta pixel gtm lead tracking site entirely custom-built already meta pixel google tag manager container place two talking correctly yet need whole tracking stack tightened every lead comes site shows cleanly meta ads ga4 gtm want done re-configure existing meta pixel inside gtm making sure fires right pages events build refine gtm tags triggers variables single lead conversion event captured push event ga4 conversion parameters let segment source campaign validate everything real-time testing tools browser debuggers events manager diagnostics zero mismatches duplicates leave clear naming conventions short notes inside gtm future edits painless assume full access current pixel ga4 property gtm container send one two links screenshots similar setups completed see structure events watch test lead fire gtm appear ga4 within minutes register meta ads usual delay job done meta pixel meta pixel analytics conversion rate optimization digital marketing unknown,"My site is entirely custom-built and already has both a Meta Pixel and a Google Tag Manager container in place, but the two aren’t talking to each other correctly yet. I need the whole tracking stack tightened up so every lead that comes through the site shows up cleanly in Meta Ads, GA4 and GTM.

Here’s what I want done:

• Re-configure the existing Meta Pixel inside GTM, making sure it fires on the right pages and events. 
• Build or refine GTM tags, triggers and variables so that a single “Lead” conversion event is captured. 
• Push that same event into GA4 as a conversion, with parameters that let me segment by source and campaign. 
• Validate everything with real-time testing tools, browser debuggers and the Events Manager diagnostics until there are zero mismatches or duplicates. 
• Leave clear naming conventions and short notes inside GTM so future edits are painless.

You can assume full access to the current Pixel, GA4 property and GTM container. Send over one or two links or screenshots of similar setups you’ve completed so I can see how you structure events. Once I can watch a test lead fire in GTM, appear in GA4 within a few minutes and register in Meta Ads after the usual delay, the job is done.",meta | pixel | gtm | lead | tracking | site | entirely | custom-built | already | meta | pixel | google | tag | manager | container | place | two | talking | correctly | yet | need | whole | tracking | stack | tightened | every | lead | comes | site | shows | cleanly | meta | ads | ga4 | gtm | want | done | re-configure | existing | meta | pixel | inside | gtm | making | sure | fires | right | pages | events | build | refine | gtm | tags | triggers | variables | single | lead | conversion | event | captured | push | event | ga4 | conversion | parameters | let | segment | source | campaign | validate | everything | real-time | testing | tools | browser | debuggers | events | manager | diagnostics | zero | mismatches | duplicates | leave | clear | naming | conventions | short | notes | inside | gtm | future | edits | painless | assume | full | access | current | pixel | ga4 | property | gtm | container | send | one | two | links | screenshots | similar | setups | completed | see | structure | events | watch | test | lead | fire | gtm | appear | ga4 | within | minutes | register | meta | ads | usual | delay | job | done | meta | pixel | meta | pixel | analytics | conversion | rate | optimization | digital | marketing | unknown,140,2000.0,INR,fixed,meta pixel | meta pixel | analytics | conversion rate optimization | digital marketing,unknown,Unknown
Freelancer.com,https://www.freelancer.com/projects/google-cloud-platform/full-stack-cloud-engineer-gcp,"Full-Stack Cloud Engineer: GCP, Python, Node.js",full-stack cloud engineer gcp python node.js role senior full-stack cloud api engineer gcp python node.js purpose owns g,full-stack cloud engineer gcp python node.js role senior full-stack cloud api engineer gcp python node.js purpose owns google cloud backend architecture statutory rule engines web scraping ingestion pipelines rest api gateway integrations job summary seeking experienced senior cloud api engineer architect build scalable labor law data platform google cloud platform gcp responsible designing versioned sql relational schemas writing web scraping pipelines government gazettes dole orders delivering high-throughput calculation apis b2b hr legaltech clients key responsibilities database schema design architect relational database schemas cloud sql postgresql store versioned statutory rules effective dates contribution brackets legal citations ingestion pipelines build scheduled web crawlers scrapers using python beautifulsoup scrapy playwright cloud functions cloud run monitor changes government portals api microservices develop stateless low-latency rest graphql calculation engines using node.js express fastify python fastapi running google cloud run api gateway security implement google cloud api gateway api key authentication rate limiting logging usage metrics wordpress webhook integration build custom php rest endpoints cloud middleware handle payment callbacks tidycal scheduling events mailpoet email automation required skills qualifications core tech python fastapi scrapy javascript typescript node.js php wordpress core plugins cloud devops hands-on experience google cloud platform cloud sql cloud run cloud functions cloud scheduler cloud logging database deep proficiency postgresql complex json queries indexing ctes schema migrations integrations solid background rest apis webhooks oauth2 payment gateway webhooks experience level years backend cloud engineering google cloud platform google cloud platform node.js api development postgresql python nosql couch mongo elasticsearch web scraping unknown,"Role 1: Senior Full-Stack Cloud & API Engineer (GCP / Python / Node.js)
Purpose: Owns the Google Cloud backend architecture, statutory rule engines, Web Scraping ingestion pipelines, and REST API Gateway integrations. 

Job Summary
We are seeking an experienced Senior Cloud & API Engineer to architect and build a scalable labor law data platform on Google Cloud Platform (GCP). You will be responsible for designing versioned SQL relational schemas, writing web scraping pipelines for government gazettes and DOLE orders, and delivering high-throughput calculation APIs for B2B HR and LegalTech clients. 

Key Responsibilities

Database & Schema Design: Architect relational database schemas in Cloud SQL (PostgreSQL) to store versioned statutory rules, effective dates, contribution brackets, and legal citations. 


Ingestion Pipelines: Build scheduled web crawlers and scrapers using Python (BeautifulSoup/Scrapy/Playwright) on Cloud Functions / Cloud Run to monitor changes in government portals. 


API Microservices: Develop stateless, low-latency REST/GraphQL calculation engines using Node.js (Express/Fastify) or Python (FastAPI) running on Google Cloud Run. 


API Gateway & Security: Implement Google Cloud API Gateway for API key authentication, rate limiting, logging, and usage metrics. 


WordPress & Webhook Integration: Build custom PHP / REST endpoints or Cloud Middleware to handle payment callbacks, TidyCal scheduling events, and MailPoet email automation. 

Required Skills & Qualifications

Core Tech: Python (FastAPI, Scrapy), JavaScript/TypeScript (Node.js), PHP (WordPress core/plugins). 


Cloud & DevOps: Hands-on experience with Google Cloud Platform (Cloud SQL, Cloud Run, Cloud Functions, Cloud Scheduler, Cloud Logging). 


Database: Deep proficiency with PostgreSQL (complex JSON queries, indexing, CTEs, schema migrations). 


Integrations: Solid background in REST APIs, webhooks, OAuth2, and payment gateway webhooks. 


Experience Level: 4+ years in backend/cloud engineering.",full-stack | cloud | engineer | gcp | python | node.js | role | senior | full-stack | cloud | api | engineer | gcp | python | node.js | purpose | owns | google | cloud | backend | architecture | statutory | rule | engines | web | scraping | ingestion | pipelines | rest | api | gateway | integrations | job | summary | seeking | experienced | senior | cloud | api | engineer | architect | build | scalable | labor | law | data | platform | google | cloud | platform | gcp | responsible | designing | versioned | sql | relational | schemas | writing | web | scraping | pipelines | government | gazettes | dole | orders | delivering | high-throughput | calculation | apis | b2b | hr | legaltech | clients | key | responsibilities | database | schema | design | architect | relational | database | schemas | cloud | sql | postgresql | store | versioned | statutory | rules | effective | dates | contribution | brackets | legal | citations | ingestion | pipelines | build | scheduled | web | crawlers | scrapers | using | python | beautifulsoup | scrapy | playwright | cloud | functions | cloud | run | monitor | changes | government | portals | api | microservices | develop | stateless | low-latency | rest | graphql | calculation | engines | using | node.js | express | fastify | python | fastapi | running | google | cloud | run | api | gateway | security | implement | google | cloud | api | gateway | api | key | authentication | rate | limiting | logging | usage | metrics | wordpress | webhook | integration | build | custom | php | rest | endpoints | cloud | middleware | handle | payment | callbacks | tidycal | scheduling | events | mailpoet | email | automation | required | skills | qualifications | core | tech | python | fastapi | scrapy | javascript | typescript | node.js | php | wordpress | core | plugins | cloud | devops | hands-on | experience | google | cloud | platform | cloud | sql | cloud | run | cloud | functions | cloud | scheduler | cloud | logging | database | deep | proficiency | postgresql | complex | json | queries | indexing | ctes | schema | migrations | integrations | solid | background | rest | apis | webhooks | oauth2 | payment | gateway | webhooks | experience | level | years | backend | cloud | engineering | google | cloud | platform | google | cloud | platform | node.js | api | development | postgresql | python | nosql | couch | mongo | elasticsearch | web | scraping | unknown,246,25000.0,INR,fixed,google cloud platform | google cloud platform | node.js | api development | postgresql | python | nosql couch mongo | elasticsearch | web scraping,unknown,Unknown
Freelancer.com,https://www.freelancer.com/projects/microsoft-word/exact-pdf-word-conversion-40748819,Exact PDF to Word Conversion,exact pdf word conversion pdf made entirely english text needs recreated microsoft word goal editable docx mirrors origi,exact pdf word conversion pdf made entirely english text needs recreated microsoft word goal editable docx mirrors original layout fonts headings spacing page breaks essentially everything look exactly word format accuracy critical skipped lines misspellings altered punctuation pdf headers footers numbered lists keep place review side-by-side file deliver allow toggle two documents without spotting visual differences please let know turnaround time questions might begin otherwise send back finished word file done microsoft word microsoft word copy editing word pdf editing microsoft office excel unknown,"I have a PDF made up entirely of English text that needs to be recreated in Microsoft Word. The goal is an editable .docx that mirrors the original layout, fonts, headings, spacing, and page breaks—essentially everything should look exactly as it does now, only in Word format. 

Accuracy is critical: no skipped lines, misspellings, or altered punctuation. If the PDF has headers, footers, or numbered lists, keep them in place. I’ll review side-by-side, so the file you deliver should allow me to toggle between the two documents without spotting visual differences. 

Please let me know your turnaround time and any questions you might have before you begin; otherwise, just send back the finished Word file when you’re done.",exact | pdf | word | conversion | pdf | made | entirely | english | text | needs | recreated | microsoft | word | goal | editable | docx | mirrors | original | layout | fonts | headings | spacing | page | breaks | essentially | everything | look | exactly | word | format | accuracy | critical | skipped | lines | misspellings | altered | punctuation | pdf | headers | footers | numbered | lists | keep | place | review | side-by-side | file | deliver | allow | toggle | two | documents | without | spotting | visual | differences | please | let | know | turnaround | time | questions | might | begin | otherwise | send | back | finished | word | file | done | microsoft | word | microsoft | word | copy | editing | word | pdf | editing | microsoft | office | excel | unknown,84,25000.0,INR,fixed,microsoft word | microsoft word | copy editing | word | pdf | editing | microsoft office | excel,unknown,Unknown
Freelancer.com,https://www.freelancer.com/contest/trayzero-amazon-a-story-image-creation-2792883,TrayZero Amazon A+ Story Image Creation,trayzero amazon story image creation unknown adobe illustrator view unknown,trayzero amazon story image creation unknown adobe illustrator view unknown,Unknown,trayzero | amazon | story | image | creation | unknown | adobe | illustrator | view | unknown,10,,Unknown,unknown,adobe illustrator | view,unknown,Unknown
Freelancer.com,https://www.freelancer.com/projects/affiliate-marketing/affiliate-marketers-wanted-earn-our,**Affiliate Marketers Wanted – Earn 20% of Our Profit**,affiliate marketers wanted earn 20 profit affiliate marketers wanted earn 20 profit looking freelancers affiliate market,affiliate marketers wanted earn 20 profit affiliate marketers wanted earn 20 profit looking freelancers affiliate marketers bring paying customers ai customer service platform login view url platform auto customer service ai helps businesses automate customer service using ai businesses teach ai products services prices opening hours policies information ai handle customer interactions including phone calls messages answer customers based information provided business earn create account website get unique referral link promote platform bring businesses customers link referred customer generates profit platform earn 20 actual net profit customer example make net profit earn make 100 net profit earn 20 active customers refer potentially earn fixed salary project performance-based affiliate opportunity earnings depend customers successfully refer profit generate especially interested freelancers experience b2b sales affiliate marketing saas marketing lead generation digital marketing selling services local businesses create account get referral link login view url affiliate marketing affiliate marketing b2b marketing digital marketing lead generation internet marketing sales advertising marketing unknown,"**Affiliate Marketers Wanted – Earn 20% of Our Profit**

I'm looking for freelancers and affiliate marketers who can bring paying customers to my AI Customer Service platform:

[login to view URL]

**What does the platform do?**

Auto Customer Service AI helps businesses automate their customer service using AI. Businesses can teach the AI about their products, services, prices, opening hours, policies, and other information.

The AI can then handle customer interactions, including phone calls and messages, and answer customers based on the information provided by the business.

**How do you earn?**

1. Create an account on the website.
2. Get your unique referral link.
3. Promote the platform and bring businesses/customers through your link.
4. When a referred customer generates profit for the platform, you earn **20% of our actual net profit** from that customer.

For example:

If we make **$5 net profit**, you earn **$1**.

If we make **$100 net profit**, you earn **$20**.

The more active customers you refer, the more you can potentially earn.

There is no fixed salary for this project. This is a **performance-based affiliate opportunity**, so your earnings depend on the customers you successfully refer and the profit they generate.

I'm especially interested in freelancers who have experience with **B2B sales, affiliate marketing, SaaS marketing, lead generation, digital marketing, or selling services to local businesses.**

 **Create your account and get your referral link here:**
[login to view URL]",affiliate | marketers | wanted | earn | 20 | profit | affiliate | marketers | wanted | earn | 20 | profit | looking | freelancers | affiliate | marketers | bring | paying | customers | ai | customer | service | platform | login | view | url | platform | auto | customer | service | ai | helps | businesses | automate | customer | service | using | ai | businesses | teach | ai | products | services | prices | opening | hours | policies | information | ai | handle | customer | interactions | including | phone | calls | messages | answer | customers | based | information | provided | business | earn | create | account | website | get | unique | referral | link | promote | platform | bring | businesses | customers | link | referred | customer | generates | profit | platform | earn | 20 | actual | net | profit | customer | example | make | net | profit | earn | make | 100 | net | profit | earn | 20 | active | customers | refer | potentially | earn | fixed | salary | project | performance-based | affiliate | opportunity | earnings | depend | customers | successfully | refer | profit | generate | especially | interested | freelancers | experience | b2b | sales | affiliate | marketing | saas | marketing | lead | generation | digital | marketing | selling | services | local | businesses | create | account | get | referral | link | login | view | url | affiliate | marketing | affiliate | marketing | b2b | marketing | digital | marketing | lead | generation | internet | marketing | sales | advertising | marketing | unknown,158,7500.0,GBP,fixed,affiliate marketing | affiliate marketing | b2b marketing | digital marketing | lead generation | internet marketing | sales | advertising | marketing,unknown,Unknown
Freelancer.com,https://www.freelancer.com/projects/english-translation/hindi-english-article-typing,Hindi–English Article Re-Typing,hindi english article re-typing collection handwritten hindi-english articles need turned clean editable text well ten p,hindi english article re-typing collection handwritten hindi-english articles need turned clean editable text well ten pieces total one averages one two pages accuracy matters speed every article bilingual hindi lines written devanagari script english sections appear echoing ideas need languages preserved exactly appear correct punctuation accents paragraph breaks simple well-formatted word document article ideal though google docs fine preferred workspace originals handwritten legibility varies feel comfortable deciphering neat not-so-neat handwriting alike need solid command hindi english catch spelling nuances ensure meaning lost transcription deliverables one folder clearly organised separate docx shared google doc article titled match original filename page heading text laid paragraph-for-paragraph order handwritten copy hindi first english counterpart directly underneath final spell-check quick self-review copy-paste straight publishing workflow receive first two transcribed pieces review consistency proceed remaining batch questions unclear word phrase flag comment move need halt progress looking forward working together give handwritten articles polished digital life english translation english translation proofreading word processing google docs transcription editing english us translator copy typing unknown,"I have a collection of handwritten Hindi-English articles that need to be turned into clean, editable text. There are well over ten pieces in total, and each one averages just one to two pages, so accuracy matters more than speed. 

Every article is bilingual: the Hindi lines are written in Devanagari script and the English sections appear just below them, echoing the same ideas. I need both languages preserved exactly as they appear, with correct punctuation, accents, and paragraph breaks. A simple, well-formatted Word document for each article is ideal, though Google Docs is fine if that’s your preferred workspace.

Because the originals are handwritten, legibility varies. You should feel comfortable deciphering neat and not-so-neat handwriting alike, and you’ll need a solid command of both Hindi and English to catch spelling nuances and ensure no meaning is lost in transcription.

Deliverables (one folder, clearly organised):
• A separate .docx (or shared Google Doc) for each article, titled to match the original filename or page heading 
• Text laid out paragraph-for-paragraph in the same order as the handwritten copy, with Hindi first and its English counterpart directly underneath 
• Final spell-check and a quick self-review so I can copy-paste straight into my publishing workflow

Once I receive the first two transcribed pieces I’ll review for consistency; after that, you can proceed with the remaining batch. If you have any questions about an unclear word or phrase, just flag it in a comment and move on—no need to halt progress.

Looking forward to working together to give these handwritten articles a polished digital life.",hindi | english | article | re-typing | collection | handwritten | hindi-english | articles | need | turned | clean | editable | text | well | ten | pieces | total | one | averages | one | two | pages | accuracy | matters | speed | every | article | bilingual | hindi | lines | written | devanagari | script | english | sections | appear | echoing | ideas | need | languages | preserved | exactly | appear | correct | punctuation | accents | paragraph | breaks | simple | well-formatted | word | document | article | ideal | though | google | docs | fine | preferred | workspace | originals | handwritten | legibility | varies | feel | comfortable | deciphering | neat | not-so-neat | handwriting | alike | need | solid | command | hindi | english | catch | spelling | nuances | ensure | meaning | lost | transcription | deliverables | one | folder | clearly | organised | separate | docx | shared | google | doc | article | titled | match | original | filename | page | heading | text | laid | paragraph-for-paragraph | order | handwritten | copy | hindi | first | english | counterpart | directly | underneath | final | spell-check | quick | self-review | copy-paste | straight | publishing | workflow | receive | first | two | transcribed | pieces | review | consistency | proceed | remaining | batch | questions | unclear | word | phrase | flag | comment | move | need | halt | progress | looking | forward | working | together | give | handwritten | articles | polished | digital | life | english | translation | english | translation | proofreading | word | processing | google | docs | transcription | editing | english | us | translator | copy | typing | unknown,167,1000.0,INR,fixed,english translation | english translation | proofreading | word processing | google docs | transcription | editing | english us translator | copy typing,unknown,Unknown
Freelancer.com,https://www.freelancer.com/projects/manufacturing-design/manufacturing-ready-product-modeling,Manufacturing-Ready 3D Product Modeling,manufacturing-ready 3d product modeling product reached ready manufacturing stage needs precise 3d part models machine s,manufacturing-ready 3d product modeling product reached ready manufacturing stage needs precise 3d part models machine shop load straight cam software supply sketches dimensions reference assemblies task turn fully parametric production-ready models solidworks primary platform job autocad used supporting 2d views streamlines workflow every feature must rebuild cleanly carry correct materials respect specified tolerances parts drop parent assembly without adjustment deliverables native solidworks files sldprt sldasm neutral step iges exports 2d manufacturing drawings gd callouts one-page design note summarising key assumptions acceptance criteria files open rebuild zero errors warnings critical dimensions match supplied specification within 0.1 mm drawings follow iso asme drafting standards first assignment goes smoothly product-design work pipeline would welcome ongoing collaboration quick turnarounds manufacturing design manufacturing design 3d cad 3d design 3d printing solidworks cad cam 3d modelling autocad unknown,"My product has reached the “ready for manufacturing” stage and now needs precise 3D part models that a machine shop can load straight into CAM software. I will supply sketches, dimensions, and reference assemblies; your task is to turn them into fully parametric, production-ready models.

SolidWorks is the primary platform for this job, but AutoCAD can be used for supporting 2D views if that streamlines your workflow. Every feature must rebuild cleanly, carry correct materials, and respect the specified tolerances so the parts drop into the parent assembly without adjustment.

Deliverables 
• Native SolidWorks files (.sldprt/.sldasm) 
• Neutral STEP/IGES exports 
• 2D manufacturing drawings with GD&T callouts 
• One-page design note summarising key assumptions

Acceptance criteria 
• Files open and rebuild with zero errors or warnings 
• Critical dimensions match the supplied specification within ±0.1 mm 
• Drawings follow ISO or ASME drafting standards

If this first assignment goes smoothly, I have more product-design work in the pipeline and would welcome an ongoing collaboration with quick turnarounds.",manufacturing-ready | 3d | product | modeling | product | reached | ready | manufacturing | stage | needs | precise | 3d | part | models | machine | shop | load | straight | cam | software | supply | sketches | dimensions | reference | assemblies | task | turn | fully | parametric | production-ready | models | solidworks | primary | platform | job | autocad | used | supporting | 2d | views | streamlines | workflow | every | feature | must | rebuild | cleanly | carry | correct | materials | respect | specified | tolerances | parts | drop | parent | assembly | without | adjustment | deliverables | native | solidworks | files | sldprt | sldasm | neutral | step | iges | exports | 2d | manufacturing | drawings | gd | callouts | one-page | design | note | summarising | key | assumptions | acceptance | criteria | files | open | rebuild | zero | errors | warnings | critical | dimensions | match | supplied | specification | within | 0.1 | mm | drawings | follow | iso | asme | drafting | standards | first | assignment | goes | smoothly | product-design | work | pipeline | would | welcome | ongoing | collaboration | quick | turnarounds | manufacturing | design | manufacturing | design | 3d | cad | 3d | design | 3d | printing | solidworks | cad | cam | 3d | modelling | autocad | unknown,132,575.0,INR,fixed,manufacturing design | manufacturing design | 3d cad | 3d design | 3d printing | solidworks | cad cam | 3d modelling | autocad,unknown,Unknown
Freelancer.com,https://www.freelancer.com/projects/romance-writing/romantic-short-story-collection,Romantic Short Story Collection,romantic short story collection putting together collection romance-focused short stories looking skilled writer bring f,romantic short story collection putting together collection romance-focused short stories looking skilled writer bring fresh emotionally engaging narratives life story self-contained yet feel though belongs romantic world appealing broad general audience rather niche readership need original short stories set within contemporary lightly imaginative romantic setting feel free explore different time periods sub-genres light fantasy gentle comedy bittersweet realism long central thread romance clear vivid prose draws readers quickly pays satisfying character arcs memorable twists manuscripts delivered editable format google docs microsoft word basic formatting already place title scene breaks page numbers brief synopsis story see glance fits overall tone collection acceptance criteria stories completely original free plagiarism language remains accessible general audience explicit content beyond tasteful pg-13 level final files pass standard grammar-checking tool grammarly similar minimal flagged issues samples show flair romance strong character work please share link attach short excerpt respond excited read work collaborate project speak every reader still believes love stories done right romance writing romance writing editing content writing copywriting ghostwriting fiction creative writing book writing unknown,"I’m putting together a collection of romance-focused short stories and I’m looking for a skilled writer who can bring fresh, emotionally engaging narratives to life. Each story should be self-contained yet feel as though it belongs in the same “romantic world,” appealing to a broad, general audience rather than a niche readership.

What I need from you: 
• Original short stories set within a contemporary or lightly imaginative romantic setting—feel free to explore different time periods or sub-genres (light fantasy, gentle comedy, bittersweet realism) as long as the central thread is romance. 
• Clear, vivid prose that draws readers in quickly and pays off with satisfying character arcs or memorable twists. 
• Manuscripts delivered in an editable format such as Google Docs or Microsoft Word, with basic formatting already in place (title, scene breaks, page numbers). 
• A brief synopsis for each story so I can see at a glance how it fits the overall tone of the collection.

Acceptance criteria: 
• Stories are completely original and free of plagiarism. 
• Language remains accessible to a general audience—no explicit content beyond a tasteful PG-13 level. 
• Final files pass a standard grammar-checking tool (Grammarly or similar) with minimal flagged issues.

If you have samples that show a flair for romance or strong character work, please share a link or attach a short excerpt when you respond. I’m excited to read your work and collaborate on a project that will speak to every reader who still believes in love stories done right.",romantic | short | story | collection | putting | together | collection | romance-focused | short | stories | looking | skilled | writer | bring | fresh | emotionally | engaging | narratives | life | story | self-contained | yet | feel | though | belongs | romantic | world | appealing | broad | general | audience | rather | niche | readership | need | original | short | stories | set | within | contemporary | lightly | imaginative | romantic | setting | feel | free | explore | different | time | periods | sub-genres | light | fantasy | gentle | comedy | bittersweet | realism | long | central | thread | romance | clear | vivid | prose | draws | readers | quickly | pays | satisfying | character | arcs | memorable | twists | manuscripts | delivered | editable | format | google | docs | microsoft | word | basic | formatting | already | place | title | scene | breaks | page | numbers | brief | synopsis | story | see | glance | fits | overall | tone | collection | acceptance | criteria | stories | completely | original | free | plagiarism | language | remains | accessible | general | audience | explicit | content | beyond | tasteful | pg-13 | level | final | files | pass | standard | grammar-checking | tool | grammarly | similar | minimal | flagged | issues | samples | show | flair | romance | strong | character | work | please | share | link | attach | short | excerpt | respond | excited | read | work | collaborate | project | speak | every | reader | still | believes | love | stories | done | right | romance | writing | romance | writing | editing | content | writing | copywriting | ghostwriting | fiction | creative | writing | book | writing | unknown,172,1000.0,INR,fixed,romance writing | romance writing | editing | content writing | copywriting | ghostwriting | fiction | creative writing | book writing,unknown,Unknown
Freelancer.com,https://www.freelancer.com/projects/typing/accurate-image-word-typing,Accurate Image-to-Word Typing,accurate image-to-word typing batch text-heavy image files must re-typed verbatim microsoft word every line punctuation ,accurate image-to-word typing batch text-heavy image files must re-typed verbatim microsoft word every line punctuation mark paragraph break needs match original image finished document must follow specific font point size share start job pure typing ocr layout recreation beyond standard margins already set word accuracy non-negotiable run random spot checks images please confident ability catch typos delivery deliverables one word document image named exactly image file text set required font size throughout hidden formatting text boxes extra line breaks apply show sample link past work proves reproduce source material cleanly accurately experience involved image-based typing even better share image set style details selected freelancer expect quick organized turnaround typing typing proofreading transcription word data entry pdf editing unknown,"I have a batch of text-heavy image files that must be re-typed verbatim into Microsoft Word. Every line, punctuation mark, and paragraph break needs to match the original image, but the finished document must follow a specific font and point size that I will share once we start. 

Your job is pure typing—no OCR, no layout recreation beyond the standard margins already set in Word. Accuracy is non-negotiable; I will run random spot checks against the images, so please be confident in your ability to catch typos before delivery.

Deliverables 
• One Word document for each image, named exactly as the image file 
• Text set in the required font and size throughout 
• No hidden formatting, text boxes, or extra line breaks 

When you apply, show me a sample or link to past work that proves you can reproduce source material cleanly and accurately. If that experience involved image-based typing, even better. I will share the image set and the style details with the selected freelancer and expect a quick, organized turnaround.",accurate | image-to-word | typing | batch | text-heavy | image | files | must | re-typed | verbatim | microsoft | word | every | line | punctuation | mark | paragraph | break | needs | match | original | image | finished | document | must | follow | specific | font | point | size | share | start | job | pure | typing | ocr | layout | recreation | beyond | standard | margins | already | set | word | accuracy | non-negotiable | run | random | spot | checks | images | please | confident | ability | catch | typos | delivery | deliverables | one | word | document | image | named | exactly | image | file | text | set | required | font | size | throughout | hidden | formatting | text | boxes | extra | line | breaks | apply | show | sample | link | past | work | proves | reproduce | source | material | cleanly | accurately | experience | involved | image-based | typing | even | better | share | image | set | style | details | selected | freelancer | expect | quick | organized | turnaround | typing | typing | proofreading | transcription | word | data | entry | pdf | editing | unknown,118,7000.0,INR,fixed,typing | typing | proofreading | transcription | word | data entry | pdf | editing,unknown,Unknown
Freelancer.com,https://www.freelancer.com/projects/photography/metaxa-special-anti-cancer-hospital,"METAXA"" Special Anti-Cancer Hospital of Piraeus, 51, Botasi Str., 18537 Piraeus, Greece.",metaxa special anti-cancer hospital piraeus 51 botasi str 18537 piraeus greece 1- task visit metaxa special anti-cancer ,metaxa special anti-cancer hospital piraeus 51 botasi str 18537 piraeus greece 1- task visit metaxa special anti-cancer hospital piraeus 51 botasi str 18537 piraeus greece physically take atleast 10-15 geotagged photos name board institutes captured outside building preferably inside download app geotagged pics link login view url 2- get verification forms filled signed stamped hr relevant authority locations 3- get details verifier name designation department contact 4- case refusal fill form take written refusal statement stamp sign proof give written ask want record saying reason take details like name designation contact etc possible take details like name person met designation contact visiting card 5- locations found given address take geotagged photos exact address right left name boards make small seconds video address also get details nearby business name person business name contact tell whether institution existed 6- please ensure name document matches name signboard authority visit different name ask reason discrepancy ask write one line explanation form provide brc 7- check forms leaving site ensure start date end date designation form certificate 8- check fields properly filled form 9- keep touch visit photography photography documentation field research data collection site inspection project management unknown,"1- Task is to visit a
METAXA"" Special Anti-Cancer Hospital of Piraeus, 51, Botasi Str., 18537 Piraeus, Greece.
physically and take atleast 10-15 geotagged photos of the name board of the institutes captured from outside the building and preferably inside too. Download app for geotagged pics from the link: [login to view URL]

2- Get the verification forms filled, signed and stamped by the HR or relevant authority of these locations.

3- Get the details of verifier that is their name, designation, Department and Contact.

4- In case of refusal to fill form, take the written refusal statement with stamp or sign as a proof. If they don't give written, ask them that you want to record them saying their reason and take their details like name designation contact etc. If both isn't possible, just take their details like name of person whom you met, their designation, contact, or their visiting card.

5- If locations is not found on given address, then take 7 to 8 geotagged photos of exact address with right left name boards and make a small few seconds video of address. Also get the details of any nearby business (name of person, business name and contact who can tell you whether the institution existed or not)

6- Please ensure that the name on the document matches the name on the signboard of the authority you visit. If there is a different name, ask them for the reason for the discrepancy. ask them to write one line explanation on the form or provide BRC.

7- Check the forms before leaving the site, ensure that the start date, end date, and designation are the same on both the form and the certificate.

8- Check all the fields are properly filled on the form.

9- Keep in touch with me during the visit.",metaxa | special | anti-cancer | hospital | piraeus | 51 | botasi | str | 18537 | piraeus | greece | 1- | task | visit | metaxa | special | anti-cancer | hospital | piraeus | 51 | botasi | str | 18537 | piraeus | greece | physically | take | atleast | 10-15 | geotagged | photos | name | board | institutes | captured | outside | building | preferably | inside | download | app | geotagged | pics | link | login | view | url | 2- | get | verification | forms | filled | signed | stamped | hr | relevant | authority | locations | 3- | get | details | verifier | name | designation | department | contact | 4- | case | refusal | fill | form | take | written | refusal | statement | stamp | sign | proof | give | written | ask | want | record | saying | reason | take | details | like | name | designation | contact | etc | possible | take | details | like | name | person | met | designation | contact | visiting | card | 5- | locations | found | given | address | take | geotagged | photos | exact | address | right | left | name | boards | make | small | seconds | video | address | also | get | details | nearby | business | name | person | business | name | contact | tell | whether | institution | existed | 6- | please | ensure | name | document | matches | name | signboard | authority | visit | different | name | ask | reason | discrepancy | ask | write | one | line | explanation | form | provide | brc | 7- | check | forms | leaving | site | ensure | start | date | end | date | designation | form | certificate | 8- | check | fields | properly | filled | form | 9- | keep | touch | visit | photography | photography | documentation | field | research | data | collection | site | inspection | project | management | unknown,194,30.0,USD,fixed,photography | photography | documentation | field research | data collection | site inspection | project management,unknown,Unknown
Freelancer.com,https://www.freelancer.com/projects/social-media-management/site-social-media-producer,On-Site Social Media Producer,on-site social media producer looking someone sit beside brand camera hand take full ownership day-to-day content pipeli,on-site social media producer looking someone sit beside brand camera hand take full ownership day-to-day content pipeline physical presence location absolutely essential role starts shooting raw footage team products behind-the-scenes moments moves straight polished edits ends pressing publish across youtube facebook instagram tone consistently professional polished clean framing colour-corrected footage clear audio tasteful motion graphics tight storytelling need understand platform quirks tailor aspect ratios thumbnails accordingly keep eye analytics double-down works key deliverables capture original video stills site multiple times per week create videos edit short-form reels longer youtube cuts supporting thumbnails captions upload schedule posts youtube facebook instagram complete keywords tags end screens monitor performance metrics report insights propose tweaks continuous growth already operate mirrorless dslr setup lighting kit solid audio solution comfortable premiere pro final cut davinci resolve fit right reliability collaborative attitude matter huge reel show samples best match look described let get rolling social media management social media management content creation adobe premiere pro final cut pro video editing video production effects video services unknown,"I’m looking for someone who can sit beside the brand, camera in hand, and take full ownership of our day-to-day content pipeline. Physical presence at our location is absolutely essential because the role starts with you shooting raw footage of our team, products and behind-the-scenes moments, then moves straight through to polished edits and ends with you pressing “publish” across YouTube, Facebook and Instagram.

The tone I’m after is consistently professional and polished—clean framing, colour-corrected footage, clear audio, tasteful motion graphics and tight storytelling. You’ll need to understand each platform’s quirks, tailor aspect ratios and thumbnails accordingly and keep an eye on analytics so we can double-down on what works.

Key deliverables
• Capture original video and stills on site (multiple times per week), create videos
• Edit into short-form reels, longer YouTube cuts and any supporting thumbnails or captions 
• Upload and schedule posts on YouTube, Facebook and Instagram, complete with keywords, tags and end screens 
• Monitor performance metrics, report insights and propose tweaks for continuous growth 

If you already operate your own mirrorless/DSLR setup, lighting kit and a solid audio solution—and you’re comfortable in Premiere Pro, Final Cut or DaVinci Resolve—you’ll fit right in. Reliability and a collaborative attitude matter more to me than a huge reel, so show me samples that best match the look described above and let’s get rolling.",on-site | social | media | producer | looking | someone | sit | beside | brand | camera | hand | take | full | ownership | day-to-day | content | pipeline | physical | presence | location | absolutely | essential | role | starts | shooting | raw | footage | team | products | behind-the-scenes | moments | moves | straight | polished | edits | ends | pressing | publish | across | youtube | facebook | instagram | tone | consistently | professional | polished | clean | framing | colour-corrected | footage | clear | audio | tasteful | motion | graphics | tight | storytelling | need | understand | platform | quirks | tailor | aspect | ratios | thumbnails | accordingly | keep | eye | analytics | double-down | works | key | deliverables | capture | original | video | stills | site | multiple | times | per | week | create | videos | edit | short-form | reels | longer | youtube | cuts | supporting | thumbnails | captions | upload | schedule | posts | youtube | facebook | instagram | complete | keywords | tags | end | screens | monitor | performance | metrics | report | insights | propose | tweaks | continuous | growth | already | operate | mirrorless | dslr | setup | lighting | kit | solid | audio | solution | comfortable | premiere | pro | final | cut | davinci | resolve | fit | right | reliability | collaborative | attitude | matter | huge | reel | show | samples | best | match | look | described | let | get | rolling | social | media | management | social | media | management | content | creation | adobe | premiere | pro | final | cut | pro | video | editing | video | production | effects | video | services | unknown,169,25000.0,INR,fixed,social media management | social media management | content creation | adobe premiere pro | final cut pro | video editing | video production | effects | video services,unknown,Unknown
Freelancer.com,https://www.freelancer.com/projects/3d-animation/animation-for-venus-plywood,3D Animation for VENUS Plywood,3d animation venus plywood create premium 30-second photorealistic 3d product visualization technical motion graphics fi,3d animation venus plywood create premium 30-second photorealistic 3d product visualization technical motion graphics film venus enviro e0 plywood product main product rectangular venus enviro e0 plywood sheet use provided product reference image exact visual reference plywood appearance wood texture proportions printed branding logo placement overall finish important redesign alter product branding keep venus enviro e0 clearly visible professionally presented video must given reference login view url style high-end architectural product commercial photorealistic 3d rendering premium studio lighting clean white neutral environment realistic wood material surface texture cinematic camera movement professional depth field realistic shadows reflections smooth controlled motion graphics minimal premium typography cartoon style video format duration 30 seconds aspect ratio 16 resolution 4k frame rate 24 30 fps visual quality premium commercial advertisement scene 00 06 show beautifully designed modern kitchen cabinet premium interior camera starts slow cinematic push-in toward cabinet cabinet surface looks perfectly finished premium introduce realistic animated x-ray cutaway effect outer cabinet surface becomes partially transparent reveals plywood structure inside show internal plywood core clearly ordinary plywood core visually deform time slight warping bending formation internal hollow gaps make transformation physically believable visually easy understand on-screen text time tests every foundation scene 06 14 transition damaged warped ordinary plywood clean venus enviro e0 plywood sheet ordinary plywood visually breaks apart shatters disappears premium venus enviro e0 plywood sheet smoothly slides position show dramatic realistic strength demonstration heavy steel weight falls vertically onto plywood venus plywood absorbs impact remains stable flat intact use slow motion moment impact add subtle camera shake realistic physical reaction make look fake exaggerated on-screen text ordinary ply gives venus ply pushes back add subtle product identification venus enviro e0 scene 14 22 create premium technical stress-test sequence place venus enviro e0 plywood sheet center first show hot boiling water poured splashed across surface show realistic water droplets surface interaction immediately transition controlled fire flame exposure around plywood plywood remains visually stable intact add subtle protective glow shield visualization around plywood communicate protection durability use cinematic macro shots close-up camera angles highlight surface edges important present technical claims client-approved product information on-screen text appearing one one zero core gaps 100 bwp grade weatherproof strength keep typography elegant minimal highly readable scene 22 30 transition back premium modern kitchen raw venus plywood smoothly morphs finished kitchen cabinet camera slowly pulls back reveal complete premium kitchen environment use warm premium lighting end clean fade dark black venus logo appears center sophisticated logo animation final text vishwas zindagi bhar ka end frame venus enviro e0 premium plywood product presentation camera motion use cinematic product-commercial camera movements slow dolly-in slow dolly-out macro close-ups smooth orbit shots controlled tracking shots dramatic impact camera movement shallow depth field appropriate use random fast camera movements 3d quality realistic physically based materials high-quality wood grain realistic plywood edges layers accurate reflections global illumination ambient occlusion high-quality shadows photorealistic water simulation realistic fire simulation professional studio-quality rendering motion graphics use clean corporate motion graphics text appear smoothly using subtle fades slides scale animations avoid excessive effects maintain premium architectural product-advertising aesthetic overall feel premium trustworthy strong technical modern indian architectural interior brand commercial viewer immediately understand venus enviro e0 premium plywood product designed durability reliable performance negative cartoon look unrealistic physics watermark extra branding 3d animation 3d animation 3d rendering motion graphics 3d graphic design visual effects animation video production video editing blender unknown,"Create a premium 30-second photorealistic 3D product visualization and technical motion graphics film for “VENUS ENVIRO E0” plywood.

PRODUCT:
The main product is a rectangular Venus Enviro E0 plywood sheet. Use the provided product reference image as the exact visual reference for the plywood appearance, wood texture, proportions, printed branding, logo placement and overall finish.

IMPORTANT:
Do not redesign or alter the product branding. Keep “VENUS ENVIRO E0” clearly visible and professionally presented.

Video must be same as given reference: [login to view URL]

STYLE:
High-end architectural/product commercial.
Photorealistic 3D rendering.
Premium studio lighting.
Clean white/neutral environment.
Realistic wood material and surface texture.
Cinematic camera movement.
Professional depth of field.
Realistic shadows and reflections.
Smooth, controlled motion graphics.
Minimal and premium typography.
No cartoon style.

VIDEO FORMAT:
Duration: 30 seconds
Aspect ratio: 16:9
Resolution: 4K
Frame rate: 24/30 fps
Visual quality: premium commercial advertisement.

SCENE 1 — 0:00–0:06
Show a beautifully designed modern kitchen cabinet in a premium interior.

Camera starts with a slow cinematic push-in toward the cabinet.

The cabinet surface looks perfectly finished and premium.

Then introduce a realistic animated X-ray/cutaway effect.
The outer cabinet surface becomes partially transparent and reveals the plywood structure inside.

Show the internal plywood core clearly.

The ordinary plywood core should visually deform over time:
slight warping → bending → formation of internal hollow gaps.

Make the transformation physically believable and visually easy to understand.

ON-SCREEN TEXT:
“Time tests every foundation.”

SCENE 2 — 0:06–0:14
Transition from the damaged/warped ordinary plywood to a clean Venus Enviro E0 plywood sheet.

The ordinary plywood visually breaks apart/shatters and disappears.

A premium Venus Enviro E0 plywood sheet smoothly slides into position.

Show a dramatic but realistic strength demonstration.

A heavy steel weight falls vertically onto the plywood.

The Venus plywood absorbs the impact and remains stable, flat and intact.

Use slow motion at the moment of impact.

Add subtle camera shake and realistic physical reaction, but DO NOT make it look fake or exaggerated.

ON-SCREEN TEXT:
“Ordinary ply gives in. Venus ply pushes back.”

Add a subtle product identification:
“VENUS ENVIRO E0”

SCENE 3 — 0:14–0:22
Create a premium technical stress-test sequence.

Place the Venus Enviro E0 plywood sheet in the center.

First, show hot/boiling water being poured or splashed across the surface.

Show realistic water droplets and surface interaction.

Immediately transition into a controlled fire/flame exposure around the plywood.

The plywood remains visually stable and intact.

Add a subtle protective glow/shield visualization around the plywood to communicate protection and durability.

Use cinematic macro shots and close-up camera angles to highlight the surface and edges.

IMPORTANT:
Present technical claims only as client-approved product information.

ON-SCREEN TEXT, appearing one by one:

“ZERO CORE GAPS”
“100% BWP GRADE”
“WEATHERPROOF STRENGTH”

Keep typography elegant, minimal and highly readable.

SCENE 4 — 0:22–0:30
Transition back to the premium modern kitchen.

The raw Venus plywood smoothly morphs into the finished kitchen cabinet.

Camera slowly pulls back to reveal the complete premium kitchen environment.

Use warm premium lighting.

End with a clean fade to dark/black.

The VENUS logo appears in the center with a sophisticated logo animation.

Final text:

“Vishwas Zindagi Bhar Ka”

End frame:
VENUS ENVIRO E0
Premium plywood product presentation.

CAMERA & MOTION:
Use cinematic product-commercial camera movements:
slow dolly-in
slow dolly-out
macro close-ups
smooth orbit shots
controlled tracking shots
dramatic impact camera movement
shallow depth of field where appropriate.

Do not use random fast camera movements.

3D QUALITY:
Realistic physically based materials.
High-quality wood grain.
Realistic plywood edges and layers.
Accurate reflections.
Global illumination.
Ambient occlusion.
High-quality shadows.
Photorealistic water simulation.
Realistic fire simulation.
Professional studio-quality rendering.

MOTION GRAPHICS:
Use clean corporate motion graphics.
Text should appear smoothly using subtle fades, slides and scale animations.
Avoid excessive effects.
Maintain a premium architectural/product-advertising aesthetic.

OVERALL FEEL:
Premium.
Trustworthy.
Strong.
Technical.
Modern.
Indian architectural/interior brand commercial.
The viewer should immediately understand that Venus Enviro E0 is a premium plywood product designed for durability and reliable performance.

NEGATIVE:
No cartoon look.
No unrealistic physics.
No watermark.
No extra branding.",3d | animation | venus | plywood | create | premium | 30-second | photorealistic | 3d | product | visualization | technical | motion | graphics | film | venus | enviro | e0 | plywood | product | main | product | rectangular | venus | enviro | e0 | plywood | sheet | use | provided | product | reference | image | exact | visual | reference | plywood | appearance | wood | texture | proportions | printed | branding | logo | placement | overall | finish | important | redesign | alter | product | branding | keep | venus | enviro | e0 | clearly | visible | professionally | presented | video | must | given | reference | login | view | url | style | high-end | architectural | product | commercial | photorealistic | 3d | rendering | premium | studio | lighting | clean | white | neutral | environment | realistic | wood | material | surface | texture | cinematic | camera | movement | professional | depth | field | realistic | shadows | reflections | smooth | controlled | motion | graphics | minimal | premium | typography | cartoon | style | video | format | duration | 30 | seconds | aspect | ratio | 16 | resolution | 4k | frame | rate | 24 | 30 | fps | visual | quality | premium | commercial | advertisement | scene | 00 | 06 | show | beautifully | designed | modern | kitchen | cabinet | premium | interior | camera | starts | slow | cinematic | push-in | toward | cabinet | cabinet | surface | looks | perfectly | finished | premium | introduce | realistic | animated | x-ray | cutaway | effect | outer | cabinet | surface | becomes | partially | transparent | reveals | plywood | structure | inside | show | internal | plywood | core | clearly | ordinary | plywood | core | visually | deform | time | slight | warping | bending | formation | internal | hollow | gaps | make | transformation | physically | believable | visually | easy | understand | on-screen | text | time | tests | every | foundation | scene | 06 | 14 | transition | damaged | warped | ordinary | plywood | clean | venus | enviro | e0 | plywood | sheet | ordinary | plywood | visually | breaks | apart | shatters | disappears | premium | venus | enviro | e0 | plywood | sheet | smoothly | slides | position | show | dramatic | realistic | strength | demonstration | heavy | steel | weight | falls | vertically | onto | plywood | venus | plywood | absorbs | impact | remains | stable | flat | intact | use | slow | motion | moment | impact | add | subtle | camera | shake | realistic | physical | reaction | make | look | fake | exaggerated | on-screen | text | ordinary | ply | gives | venus | ply | pushes | back | add | subtle | product | identification | venus | enviro | e0 | scene | 14 | 22 | create | premium | technical | stress-test | sequence | place | venus | enviro | e0 | plywood | sheet | center | first | show | hot | boiling | water | poured | splashed | across | surface | show | realistic | water | droplets | surface | interaction | immediately | transition | controlled | fire | flame | exposure | around | plywood | plywood | remains | visually | stable | intact | add | subtle | protective | glow | shield | visualization | around | plywood | communicate | protection | durability | use | cinematic | macro | shots | close-up | camera | angles | highlight | surface | edges | important | present | technical | claims | client-approved | product | information | on-screen | text | appearing | one | one | zero | core | gaps | 100 | bwp | grade | weatherproof | strength | keep | typography | elegant | minimal | highly | readable | scene | 22 | 30 | transition | back | premium | modern | kitchen | raw | venus | plywood | smoothly | morphs | finished | kitchen | cabinet | camera | slowly | pulls | back | reveal | complete | premium | kitchen | environment | use | warm | premium | lighting | end | clean | fade | dark | black | venus | logo | appears | center | sophisticated | logo | animation | final | text | vishwas | zindagi | bhar | ka | end | frame | venus | enviro | e0 | premium | plywood | product | presentation | camera | motion | use | cinematic | product-commercial | camera | movements | slow | dolly-in | slow | dolly-out | macro | close-ups | smooth | orbit | shots | controlled | tracking | shots | dramatic | impact | camera | movement | shallow | depth | field | appropriate | use | random | fast | camera | movements | 3d | quality | realistic | physically | based | materials | high-quality | wood | grain | realistic | plywood | edges | layers | accurate | reflections | global | illumination | ambient | occlusion | high-quality | shadows | photorealistic | water | simulation | realistic | fire | simulation | professional | studio-quality | rendering | motion | graphics | use | clean | corporate | motion | graphics | text | appear | smoothly | using | subtle | fades | slides | scale | animations | avoid | excessive | effects | maintain | premium | architectural | product-advertising | aesthetic | overall | feel | premium | trustworthy | strong | technical | modern | indian | architectural | interior | brand | commercial | viewer | immediately | understand | venus | enviro | e0 | premium | plywood | product | designed | durability | reliable | performance | negative | cartoon | look | unrealistic | physics | watermark | extra | branding | 3d | animation | 3d | animation | 3d | rendering | motion | graphics | 3d | graphic | design | visual | effects | animation | video | production | video | editing | blender | unknown,563,1050.0,INR,fixed,3d animation | 3d animation | 3d rendering | motion graphics | 3d graphic design | visual effects | animation | video production | video editing | blender,unknown,Unknown
Freelancer.com,https://www.freelancer.com/projects/event-management/corporate-event-stage-production-manager,Corporate Event Stage Production Manager -- 2,corporate event stage production manager -- organising corporate event need experienced production manager take full own,corporate event stage production manager -- organising corporate event need experienced production manager take full ownership everything happen on-stage brief straightforward transform concept agenda seamless show-ready experience key area responsibility stage production design sketches technical specifications on-site build rehearsal supervision show-day cue calling collaborate internal comms team source manage technical vendors lighting sound led walls rigging backline crew build maintain production schedule keep us aligned venue rules safety standards rely cost tracking supplier negotiations live problem-solving executives focus content rather logistics deliverables expect detailed production timeline milestones scaled stage layout drawings technical rider confirmed supplier list signed agreements on-site show management strike load-out report steered corporate shows fluent industry tools vectorworks qlab similar communicate clearly pressure let talk event management event management vectorworks lighting design sound design event coordination unknown,"I’m organising a corporate event and need an experienced production manager to take full ownership of everything that will happen on-stage. Your brief is straightforward: transform the concept and agenda I have into a seamless, show-ready experience.

Key area of responsibility 
• Stage production – from design sketches and technical specifications through to on-site build, rehearsal supervision and show-day cue calling.

You will collaborate with my internal comms team, source and manage all technical vendors (lighting, sound, LED walls, rigging, backline, crew), build and maintain the production schedule, and keep us aligned with venue rules and safety standards. I’ll rely on you for cost tracking, supplier negotiations and live problem-solving so that executives can focus on content rather than logistics.

Deliverables I expect 
• Detailed production timeline with milestones 
• Scaled stage/layout drawings and technical rider 
• Confirmed supplier list with signed agreements 
• On-site show management through strike and load-out report

If you’ve steered corporate shows before, are fluent with industry tools such as Vectorworks, QLab or similar, and can communicate clearly under pressure, let’s talk.",corporate | event | stage | production | manager | -- | organising | corporate | event | need | experienced | production | manager | take | full | ownership | everything | happen | on-stage | brief | straightforward | transform | concept | agenda | seamless | show-ready | experience | key | area | responsibility | stage | production | design | sketches | technical | specifications | on-site | build | rehearsal | supervision | show-day | cue | calling | collaborate | internal | comms | team | source | manage | technical | vendors | lighting | sound | led | walls | rigging | backline | crew | build | maintain | production | schedule | keep | us | aligned | venue | rules | safety | standards | rely | cost | tracking | supplier | negotiations | live | problem-solving | executives | focus | content | rather | logistics | deliverables | expect | detailed | production | timeline | milestones | scaled | stage | layout | drawings | technical | rider | confirmed | supplier | list | signed | agreements | on-site | show | management | strike | load-out | report | steered | corporate | shows | fluent | industry | tools | vectorworks | qlab | similar | communicate | clearly | pressure | let | talk | event | management | event | management | vectorworks | lighting | design | sound | design | event | coordination | unknown,130,250.0,INR,fixed,event management | event management | vectorworks | lighting design | sound design | event coordination,unknown,Unknown
Freelancer.com,https://www.freelancer.com/contest/dualformat-media-logo-design-2792879,Dual-Format Media Logo Design,dual-format media logo design unknown adobe illustrator view unknown,dual-format media logo design unknown adobe illustrator view unknown,Unknown,dual-format | media | logo | design | unknown | adobe | illustrator | view | unknown,9,,Unknown,unknown,adobe illustrator | view,unknown,Unknown
Freelancer.com,https://www.freelancer.com/projects/data-analysis/excel-text-numeric-data-entry,Excel Text & Numeric Data Entry,excel text numeric data entry excel workbook ready already contains headers formulas need task straightforward enter few,excel text numeric data entry excel workbook ready already contains headers formulas need task straightforward enter fewer 100 rows mixed information cells pure text others numerical exactly template indicates file drives downstream reporting accuracy critical supply spreadsheet immediately award along brief legend clarifies column need solid attention detail ability follow layout precisely quick turnaround please let know typical completion time job size questions may template format data analysis data analysis data management excel macros excel vba excel data entry data processing microsoft office unknown,"I have an Excel workbook ready for you that already contains the headers and formulas I need. Your task is straightforward: enter fewer than 100 rows of mixed information—some cells are pure text, others numerical—exactly where the template indicates. 

Because the file drives downstream reporting, accuracy is critical. I will supply the spreadsheet immediately after award along with a brief legend that clarifies each column. All you need is solid attention to detail, the ability to follow the layout precisely, and a quick turnaround. 

Please let me know your typical completion time for a job of this size and any questions you may have about the template format.",excel | text | numeric | data | entry | excel | workbook | ready | already | contains | headers | formulas | need | task | straightforward | enter | fewer | 100 | rows | mixed | information | cells | pure | text | others | numerical | exactly | template | indicates | file | drives | downstream | reporting | accuracy | critical | supply | spreadsheet | immediately | award | along | brief | legend | clarifies | column | need | solid | attention | detail | ability | follow | layout | precisely | quick | turnaround | please | let | know | typical | completion | time | job | size | questions | may | template | format | data | analysis | data | analysis | data | management | excel | macros | excel | vba | excel | data | entry | data | processing | microsoft | office | unknown,84,25000.0,INR,fixed,data analysis | data analysis | data management | excel macros | excel vba | excel | data entry | data processing | microsoft office,unknown,Unknown
Freelancer.com,https://www.freelancer.com/projects/3d-animation/printable-box-packaging,3D Printable Box Packaging,3d printable box packaging need custom box printed standard consumer 3-d printer go straight use product packaging final,3d printable box packaging need custom box printed standard consumer 3-d printer go straight use product packaging final model attractive shelf protect contents transport print reliably without excessive supports post-processing please tell detailed project proposal would approach overall box concept hinge closure system wall thickness draft angles easy release build plate clever space-saving features recommend also want know software use verify printability delivering files deliverables production-ready 3d file stl step quick print-setup guide notes orientation layer height infill suggestions render screenshot shows assembled box multiple angles past designs show crisp edges snap-fit joins living hinges feel free reference main thing evaluate clarity completeness proposal 3d animation 3d animation 3d cad 3d design 3d modelling 3d print design 3d printing 3d rendering cad cam unknown,"I need a custom box that can be printed on a standard consumer 3-D printer and go straight into use as product packaging. The final model has to be attractive on the shelf, protect the contents during transport, and print reliably without excessive supports or post-processing. 

Please tell me, in a detailed project proposal, how you would approach: overall box concept, hinge or closure system, wall thickness, draft angles for easy release from the build plate, and any clever space-saving features you recommend. I also want to know which software you will use and how you will verify printability before delivering the files. 

Deliverables 
• Production-ready 3D file (STL or STEP) 
• A quick print-setup guide that notes orientation, layer height, and infill suggestions 
• Render or screenshot that shows the assembled box from multiple angles 

If you have past designs that show crisp edges, snap-fit joins, or living hinges, feel free to reference them, but the main thing I’ll evaluate is the clarity and completeness of your proposal.",3d | printable | box | packaging | need | custom | box | printed | standard | consumer | 3-d | printer | go | straight | use | product | packaging | final | model | attractive | shelf | protect | contents | transport | print | reliably | without | excessive | supports | post-processing | please | tell | detailed | project | proposal | would | approach | overall | box | concept | hinge | closure | system | wall | thickness | draft | angles | easy | release | build | plate | clever | space-saving | features | recommend | also | want | know | software | use | verify | printability | delivering | files | deliverables | production-ready | 3d | file | stl | step | quick | print-setup | guide | notes | orientation | layer | height | infill | suggestions | render | screenshot | shows | assembled | box | multiple | angles | past | designs | show | crisp | edges | snap-fit | joins | living | hinges | feel | free | reference | main | thing | evaluate | clarity | completeness | proposal | 3d | animation | 3d | animation | 3d | cad | 3d | design | 3d | modelling | 3d | print | design | 3d | printing | 3d | rendering | cad | cam | unknown,124,1000.0,INR,fixed,3d animation | 3d animation | 3d cad | 3d design | 3d modelling | 3d print design | 3d printing | 3d rendering | cad cam,unknown,Unknown
Freelancer.com,https://www.freelancer.com/projects/advertising/travel-advertisement-video-editor,AI Travel Advertisement Video Editor Required Try Yatra ke liye ek professional AI advertisement video banwana hai.,ai travel advertisement video editor required try yatra ke liye ek professional ai advertisement video banwana hai video,ai travel advertisement video editor required try yatra ke liye ek professional ai advertisement video banwana hai video requirements 30 45 seconds ka professional video ek realistic indian female presenter camera ke saamne khadi hokar hindi mein bole natural hindi female voice accurate lip-sync realistic cinematic travel visuals haridwar himalaya kedarnath badrinath aur char dham ke visuals car bus tempo traveller ke shots hotel dharamshala ashram facilities highlight karni hain char dham tour packages promote karne hain professional background music hindi subtitles instagram whatsapp ke liye 16 full hd format end screen par try yatra logo website aur mobile number add karna hai brand try yatra login view url 9956591617 advertising advertising ai video unknown,"Video Requirements:
30–45 seconds ka professional video
Ek realistic Indian female presenter camera ke saamne khadi hokar Hindi mein bole
Natural Hindi female voice + accurate lip-sync
Realistic cinematic travel visuals
Haridwar, Himalaya, Kedarnath, Badrinath aur Char Dham ke visuals
Car, Bus & Tempo Traveller ke shots
Hotel, Dharamshala & Ashram facilities highlight karni hain
Char Dham Tour Packages promote karne hain
Professional background music + Hindi subtitles
Instagram/WhatsApp ke liye 9:16 Full HD format
End screen par Try Yatra logo, website aur mobile number add karna hai.
Brand: TRY YATRA
 [login to view URL]
 9956591617",ai | travel | advertisement | video | editor | required | try | yatra | ke | liye | ek | professional | ai | advertisement | video | banwana | hai | video | requirements | 30 | 45 | seconds | ka | professional | video | ek | realistic | indian | female | presenter | camera | ke | saamne | khadi | hokar | hindi | mein | bole | natural | hindi | female | voice | accurate | lip-sync | realistic | cinematic | travel | visuals | haridwar | himalaya | kedarnath | badrinath | aur | char | dham | ke | visuals | car | bus | tempo | traveller | ke | shots | hotel | dharamshala | ashram | facilities | highlight | karni | hain | char | dham | tour | packages | promote | karne | hain | professional | background | music | hindi | subtitles | instagram | whatsapp | ke | liye | 16 | full | hd | format | end | screen | par | try | yatra | logo | website | aur | mobile | number | add | karna | hai | brand | try | yatra | login | view | url | 9956591617 | advertising | advertising | ai | video | unknown,115,1050.0,INR,fixed,advertising | advertising | ai video,unknown,Unknown
Freelancer.com,https://www.freelancer.com/projects/css/punchy-slide-bullet-design,Punchy Slide Bullet Design -- 2,punchy slide bullet design -- set concise key-point bullets ready needs transformed slide-ready visual grabs attention g,punchy slide bullet design -- set concise key-point bullets ready needs transformed slide-ready visual grabs attention glance job entirely presentation impact point must land fast read clean sit inside custom-shaped bullets feel modern consistent typical powerpoint google slides palettes scope convert text provide 150 words single well-spaced bulleted list optimised widescreen slide replace standard round glyph distinctive custom shape think angular organic minimalistic shape echo tech-savvy professional tone without overpowering content balance white space line height font weight list holds big-screen projection laptop view supply finished slide pptx format plus brief how-to note applying bullet style additional slides acceptance file open natively powerpoint 2016 shapes editable external fonts required text must remain selectable editable custom bullets must scale proportionally font size changed send draft soon layout turn feedback around quickly lock final version without delays css css graphic design html5 javascript powerpoint unknown,"A set of concise key-point bullets is ready and now needs to be transformed into a slide-ready visual that grabs attention at a glance. The job is entirely about presentation impact: each point must land fast, read clean, and sit inside custom-shaped bullets that feel modern and consistent with typical PowerPoint / Google Slides palettes.

Scope 
• Convert the text I provide (±150 words) into a single, well-spaced bulleted list optimised for a widescreen slide. 
• Replace the standard round glyph with a distinctive custom shape—think angular, organic, or minimalistic; the shape should echo a tech-savvy, professional tone without overpowering the content. 
• Balance white space, line height, and font weight so the list holds up both on big-screen projection and laptop view. 
• Supply the finished slide in PPTX format plus a brief “how-to” note on applying the same bullet style to additional slides.

Acceptance 
The file should open natively in PowerPoint 2016+ with all shapes editable, no external fonts required. All text must remain selectable and editable, and the custom bullets must scale proportionally when font size is changed.

Send the draft as soon as you have a layout; I’ll turn feedback around quickly so we can lock the final version without delays.",punchy | slide | bullet | design | -- | set | concise | key-point | bullets | ready | needs | transformed | slide-ready | visual | grabs | attention | glance | job | entirely | presentation | impact | point | must | land | fast | read | clean | sit | inside | custom-shaped | bullets | feel | modern | consistent | typical | powerpoint | google | slides | palettes | scope | convert | text | provide | 150 | words | single | well-spaced | bulleted | list | optimised | widescreen | slide | replace | standard | round | glyph | distinctive | custom | shape | think | angular | organic | minimalistic | shape | echo | tech-savvy | professional | tone | without | overpowering | content | balance | white | space | line | height | font | weight | list | holds | big-screen | projection | laptop | view | supply | finished | slide | pptx | format | plus | brief | how-to | note | applying | bullet | style | additional | slides | acceptance | file | open | natively | powerpoint | 2016 | shapes | editable | external | fonts | required | text | must | remain | selectable | editable | custom | bullets | must | scale | proportionally | font | size | changed | send | draft | soon | layout | turn | feedback | around | quickly | lock | final | version | without | delays | css | css | graphic | design | html5 | javascript | powerpoint | unknown,143,750.0,USD,fixed,css | css | graphic design | html5 | javascript | powerpoint,unknown,Unknown
Freelancer.com,https://www.freelancer.com/projects/robotics/bipedal-humanoid-robotic-system,Bipedal Humanoid Robotic System Development,bipedal humanoid robotic system development request proposals rfp freelance job specification custom bipedal humanoid pl,bipedal humanoid robotic system development request proposals rfp freelance job specification custom bipedal humanoid platform role type contract freelance full-system module-specific location remote hardware prototyping local shipped engagement milestone-based contract project overview designing fabricating custom open-architecture bipedal humanoid robot goal build functional anthropomorphic platform capable dynamic balance stable bipedal locomotion compliant interaction building complete humanoid spans multiple disciplines hiring specialized engineers domain experts applicants may bid full lifecycle submit proposals individual tracks aligned core expertise specialized tracks scope work track mechanical engineering cad design primary focus kinematic layout structural integrity thermal dissipation manufacturability kinematic architecture design 20 30 degrees freedom dof across legs waist torso arms neck anthropomorphic mass distribution cad modeling full 3d assembly models onshape solidworks fusion 360 including tolerances fastener callouts bearing selections cable-routing channels actuator selection mechanical integration sizing mounting quasi-direct drive qdd planetary cycloidal brushless dc bldc actuators design manufacturing dfm structural load-bearing members optimized cnc 6061 7075 aluminum carbon fiber rapid-prototyping components optimized additive manufacturing mjf sls nylon petg cf-pla deliverables complete step parasolid assembly files 2d production drawings gd unified hardware bill materials bom mechanical assembly documentation track electrical systems power architecture gate drivers primary focus high-current power distribution safety isolation switching electronics power distribution system pds multi-rail power distribution board pdb design supporting 24v 48v li-ion lifepo4 battery architectures regulated dc-dc step-downs 5v 12v 19v 24v onboard computing microcontrollers sensors integrated safety soft-start circuits emergency-stop e-stop interlocks reverse polarity protection transient voltage suppression tvs power electronics gate driving design specification high-frequency 3-phase inverter stages half-bridge full-bridge gate driver circuits bldc commutation low-side high-side mosfet gan fet driver selection shoot-through protection dead-time management harness signal integrity wiring diagrams harness routings connector selection molex xt90 jst binder shielding electromagnetic interference emi deliverables altium kicad schematic files pcb gerbers layout files electrical wiring diagrams harness pinout charts power budget calculations track embedded systems low-level commutation gate logic primary focus real-time motor control digital logic communication buses actuator firmware motor control implementation field oriented control foc space vector pwm svpwm high-frequency current sensing loops 20 40 khz position velocity torque control magnetic absolute encoder integration biss-c spi ssi fpga digital gate logic applicable verilog vhdl logic design multi-channel synchronous motor commutation hardware-timed encoder decoders deterministic fault monitoring communication bus high-speed communication protocol implementation fd ethercat rs-485 central controller distributed joint drivers khz loop rate deliverables firmware source code fpga bitstreams logic specifications register maps communication interfaces low-level debugging utilities track gait generation dynamic balancing locomotion primary focus physics simulation control theory sim-to-real deployment simulation setup rigorous urdf mjcf kinematic dynamic model generation precise inertia matrices mass distribution friction parameters setup isaac lab isaac gym mujoco locomotion policy control architecture option reinforcement learning train robust blind perceptive bipedal locomotion policies using domain randomization terrain friction latency external disturbances option classical control implement model predictive control mpc whole-body control wbc virtual model control balance recovery push-resistance sim-to-real transfer export policies onnx tensorrt torchscript deploy embedded real-time microprocessors latency validation ms deliverables training pipelines simulation repository exported gait models deployment inference runtime empirical tuning guidelines track systems integration compute middleware primary focus real-time os central compute orchestration high-level interfaces central compute architecture configuration onboard computing e.g jetson orin nano agx radxa cm5 x86 sbc running real-time linux preempt_rt middleware integration ros humble jazzy custom zero-copy middleware e.g zenoh cyclonedds connecting state estimation low-level motor drivers state estimation extended kalman filter ekf combining high-rate imu data joint kinematics contact sensors compute floating-base pose velocity deliverables operating system images docker environments ros workspace packages state estimation nodes telemetry diagnostic dashboards intellectual property ip commercial terms work-for-hire designs schematics source code cad files models developed engagement exclusive property client upon milestone payment licensing compliance copyleft viral licenses e.g gpl agpl cern-ohl-s may introduced proprietary deliverables without written pre-approval permissive open-source libraries mit apache 2.0 bsd welcome appropriate non-disclosure mutual nda executed prior sharing detailed project assets apply please submit proposal specifying track interest along applied track e.g track mechanical track gait locomotion relevant portfolio links github repositories grabcad cad portfolios videos physical walking robots custom motor controllers hardware builds personally engineered proposed tech stack summary preferred tools engagement e.g cad software simulation framework motor drivers compute boards estimated timeline milestone rates hourly rate fixed milestone cost estimate designated track robotics robotics mechanical engineering embedded systems electrical engineering 3d modelling motor control firmware development simulation prototyping reinforcement learning unknown,"Request for Proposals (RFP) / Freelance Job Specification: Custom Bipedal Humanoid Platform
Role Type: Contract / Freelance (Full-system or Module-specific)
Location: Remote (Hardware prototyping local or shipped)
Engagement: Milestone-based contract
1. Project Overview
We are designing and fabricating a custom open-architecture bipedal humanoid robot. The goal is to build a functional, anthropomorphic platform capable of dynamic balance, stable bipedal locomotion, and compliant interaction.
Because building a complete humanoid spans multiple disciplines, we are hiring specialized engineers and domain experts. Applicants may bid on the full lifecycle or submit proposals for individual tracks aligned with their core expertise.
2. Specialized Tracks & Scope of Work
Track A: Mechanical Engineering & CAD Design
Primary Focus: Kinematic layout, structural integrity, thermal dissipation, and manufacturability.
 Kinematic Architecture: Design 20+ to 30 Degrees of Freedom (DoF) across legs, waist/torso, arms, and neck with anthropomorphic mass distribution.
 CAD Modeling: Full 3D assembly models in Onshape, SolidWorks, or Fusion 360, including tolerances, fastener callouts, bearing selections, and cable-routing channels.
 Actuator Selection & Mechanical Integration: Sizing and mounting of Quasi-Direct Drive (QDD) or planetary/cycloidal brushless DC (BLDC) actuators.
 Design for Manufacturing (DFM):
 Structural load-bearing members optimized for CNC 6061/7075 aluminum or carbon fiber.
 Rapid-prototyping components optimized for additive manufacturing (MJF, SLS Nylon, or PETG/CF-PLA).
 Deliverables: Complete STEP/Parasolid assembly files, 2D production drawings with GD&T, unified hardware Bill of Materials (BOM), and mechanical assembly documentation.
Track B: Electrical Systems, Power Architecture & Gate Drivers
Primary Focus: High-current power distribution, safety isolation, and switching electronics.
 Power Distribution System (PDS):
 Multi-rail power distribution board (PDB) design supporting 24V–48V Li-ion/LiFePO4 battery architectures.
 Regulated DC-DC step-downs (5V, 12V, 19V/24V) for onboard computing, microcontrollers, and sensors.
 Integrated safety: soft-start circuits, emergency-stop (E-stop) interlocks, reverse polarity protection, and transient voltage suppression (TVS).
 Power Electronics & Gate Driving:
 Design or specification of high-frequency 3-phase inverter stages and half-bridge/full-bridge gate driver circuits for BLDC commutation.
 Low-side and high-side MOSFET/GaN FET driver selection with shoot-through protection and dead-time management.
 Harness & Signal Integrity:
 Wiring diagrams, harness routings, connector selection (Molex, XT90, JST, Binder), and shielding against electromagnetic interference (EMI).
 Deliverables: Altium/KiCad schematic files, PCB gerbers, layout files, electrical wiring diagrams, harness pinout charts, and power budget calculations.
Track C: Embedded Systems, Low-Level Commutation & Gate Logic
Primary Focus: Real-time motor control, digital logic, and communication buses.
 Actuator Firmware & Motor Control:
 Implementation of Field Oriented Control (FOC), Space Vector PWM (SVPWM), and high-frequency current sensing loops (≥20–40 kHz).
 Position, velocity, and torque control with magnetic absolute encoder integration (BiSS-C, SPI, SSI).
 FPGA / Digital Gate Logic (if applicable):
 Verilog/VHDL logic design for multi-channel synchronous motor commutation, hardware-timed encoder decoders, and deterministic fault monitoring.
 Communication Bus:
 High-speed communication protocol implementation (CAN FD, EtherCAT, or RS-485) between the central controller and distributed joint drivers (≥1 kHz loop rate).
 Deliverables: Firmware source code, FPGA bitstreams/logic specifications, register maps, communication interfaces, and low-level debugging utilities.
Track D: Gait Generation, Dynamic Balancing & Locomotion
Primary Focus: Physics simulation, control theory, and Sim-to-Real deployment.
 Simulation Setup:
 Rigorous URDF/MJCF kinematic and dynamic model generation with precise inertia matrices, mass distribution, and friction parameters.
 Setup in Isaac Lab / Isaac Gym or MuJoCo.
 Locomotion Policy / Control Architecture:
 Option 1 (Reinforcement Learning): Train robust, blind/perceptive bipedal locomotion policies using domain randomization (terrain, friction, latency, external disturbances).
 Option 2 (Classical Control): Implement Model Predictive Control (MPC), Whole-Body Control (WBC), and Virtual Model Control for balance recovery and push-resistance.
 Sim-to-Real Transfer:
 Export policies (ONNX / TensorRT / TorchScript) and deploy them to embedded real-time microprocessors with latency validation under 5 ms.
 Deliverables: Training pipelines, simulation repository, exported gait models, deployment inference runtime, and empirical tuning guidelines.
Track E: Systems Integration, Compute & Middleware
Primary Focus: Real-time OS, central compute orchestration, and high-level interfaces.
 Central Compute Architecture:
 Configuration of onboard computing (e.g., Jetson Orin Nano/AGX, Radxa CM5, or x86 SBC) running real-time Linux (⁠PREEMPT_RT⁠).
 Middleware Integration:
 ROS 2 (Humble/Jazzy) or custom zero-copy middleware (e.g., Zenoh, CycloneDDS) connecting state estimation to low-level motor drivers.
 State Estimation:
 Extended Kalman Filter (EKF) combining high-rate IMU data, joint kinematics, and contact sensors to compute floating-base pose and velocity.
 Deliverables: Operating system images/Docker environments, ROS 2 workspace packages, state estimation nodes, and telemetry/diagnostic dashboards.
3. Intellectual Property (IP) & Commercial Terms
 Work-for-Hire: All designs, schematics, source code, CAD files, and models developed under this engagement will be exclusive property of the client upon milestone payment.
 Licensing Compliance: No copyleft viral licenses (e.g., GPL, AGPL, CERN-OHL-S) may be introduced into proprietary deliverables without written pre-approval. Permissive open-source libraries (MIT, Apache 2.0, BSD) are welcome where appropriate.
 Non-Disclosure: A mutual NDA will be executed prior to sharing detailed project assets.
4. How to Apply
Please submit your proposal specifying your track(s) of interest along with:
1. Applied Track(s): (e.g., ""Track A: Mechanical"" or ""Track D: Gait & Locomotion"")
2. Relevant Portfolio: Links to GitHub repositories, GrabCAD/CAD portfolios, videos of physical walking robots, custom motor controllers, or hardware builds you have personally engineered.
3. Proposed Tech Stack: Summary of your preferred tools for this engagement (e.g., CAD software, simulation framework, motor drivers, compute boards).
4. Estimated Timeline & Milestone Rates: Hourly rate or fixed milestone cost estimate for your designated track.",bipedal | humanoid | robotic | system | development | request | proposals | rfp | freelance | job | specification | custom | bipedal | humanoid | platform | role | type | contract | freelance | full-system | module-specific | location | remote | hardware | prototyping | local | shipped | engagement | milestone-based | contract | project | overview | designing | fabricating | custom | open-architecture | bipedal | humanoid | robot | goal | build | functional | anthropomorphic | platform | capable | dynamic | balance | stable | bipedal | locomotion | compliant | interaction | building | complete | humanoid | spans | multiple | disciplines | hiring | specialized | engineers | domain | experts | applicants | may | bid | full | lifecycle | submit | proposals | individual | tracks | aligned | core | expertise | specialized | tracks | scope | work | track | mechanical | engineering | cad | design | primary | focus | kinematic | layout | structural | integrity | thermal | dissipation | manufacturability | kinematic | architecture | design | 20 | 30 | degrees | freedom | dof | across | legs | waist | torso | arms | neck | anthropomorphic | mass | distribution | cad | modeling | full | 3d | assembly | models | onshape | solidworks | fusion | 360 | including | tolerances | fastener | callouts | bearing | selections | cable-routing | channels | actuator | selection | mechanical | integration | sizing | mounting | quasi-direct | drive | qdd | planetary | cycloidal | brushless | dc | bldc | actuators | design | manufacturing | dfm | structural | load-bearing | members | optimized | cnc | 6061 | 7075 | aluminum | carbon | fiber | rapid-prototyping | components | optimized | additive | manufacturing | mjf | sls | nylon | petg | cf-pla | deliverables | complete | step | parasolid | assembly | files | 2d | production | drawings | gd | unified | hardware | bill | materials | bom | mechanical | assembly | documentation | track | electrical | systems | power | architecture | gate | drivers | primary | focus | high-current | power | distribution | safety | isolation | switching | electronics | power | distribution | system | pds | multi-rail | power | distribution | board | pdb | design | supporting | 24v | 48v | li-ion | lifepo4 | battery | architectures | regulated | dc-dc | step-downs | 5v | 12v | 19v | 24v | onboard | computing | microcontrollers | sensors | integrated | safety | soft-start | circuits | emergency-stop | e-stop | interlocks | reverse | polarity | protection | transient | voltage | suppression | tvs | power | electronics | gate | driving | design | specification | high-frequency | 3-phase | inverter | stages | half-bridge | full-bridge | gate | driver | circuits | bldc | commutation | low-side | high-side | mosfet | gan | fet | driver | selection | shoot-through | protection | dead-time | management | harness | signal | integrity | wiring | diagrams | harness | routings | connector | selection | molex | xt90 | jst | binder | shielding | electromagnetic | interference | emi | deliverables | altium | kicad | schematic | files | pcb | gerbers | layout | files | electrical | wiring | diagrams | harness | pinout | charts | power | budget | calculations | track | embedded | systems | low-level | commutation | gate | logic | primary | focus | real-time | motor | control | digital | logic | communication | buses | actuator | firmware | motor | control | implementation | field | oriented | control | foc | space | vector | pwm | svpwm | high-frequency | current | sensing | loops | 20 | 40 | khz | position | velocity | torque | control | magnetic | absolute | encoder | integration | biss-c | spi | ssi | fpga | digital | gate | logic | applicable | verilog | vhdl | logic | design | multi-channel | synchronous | motor | commutation | hardware-timed | encoder | decoders | deterministic | fault | monitoring | communication | bus | high-speed | communication | protocol | implementation | fd | ethercat | rs-485 | central | controller | distributed | joint | drivers | khz | loop | rate | deliverables | firmware | source | code | fpga | bitstreams | logic | specifications | register | maps | communication | interfaces | low-level | debugging | utilities | track | gait | generation | dynamic | balancing | locomotion | primary | focus | physics | simulation | control | theory | sim-to-real | deployment | simulation | setup | rigorous | urdf | mjcf | kinematic | dynamic | model | generation | precise | inertia | matrices | mass | distribution | friction | parameters | setup | isaac | lab | isaac | gym | mujoco | locomotion | policy | control | architecture | option | reinforcement | learning | train | robust | blind | perceptive | bipedal | locomotion | policies | using | domain | randomization | terrain | friction | latency | external | disturbances | option | classical | control | implement | model | predictive | control | mpc | whole-body | control | wbc | virtual | model | control | balance | recovery | push-resistance | sim-to-real | transfer | export | policies | onnx | tensorrt | torchscript | deploy | embedded | real-time | microprocessors | latency | validation | ms | deliverables | training | pipelines | simulation | repository | exported | gait | models | deployment | inference | runtime | empirical | tuning | guidelines | track | systems | integration | compute | middleware | primary | focus | real-time | os | central | compute | orchestration | high-level | interfaces | central | compute | architecture | configuration | onboard | computing | e.g | jetson | orin | nano | agx | radxa | cm5 | x86 | sbc | running | real-time | linux | preempt_rt | middleware | integration | ros | humble | jazzy | custom | zero-copy | middleware | e.g | zenoh | cyclonedds | connecting | state | estimation | low-level | motor | drivers | state | estimation | extended | kalman | filter | ekf | combining | high-rate | imu | data | joint | kinematics | contact | sensors | compute | floating-base | pose | velocity | deliverables | operating | system | images | docker | environments | ros | workspace | packages | state | estimation | nodes | telemetry | diagnostic | dashboards | intellectual | property | ip | commercial | terms | work-for-hire | designs | schematics | source | code | cad | files | models | developed | engagement | exclusive | property | client | upon | milestone | payment | licensing | compliance | copyleft | viral | licenses | e.g | gpl | agpl | cern-ohl-s | may | introduced | proprietary | deliverables | without | written | pre-approval | permissive | open-source | libraries | mit | apache | 2.0 | bsd | welcome | appropriate | non-disclosure | mutual | nda | executed | prior | sharing | detailed | project | assets | apply | please | submit | proposal | specifying | track | interest | along | applied | track | e.g | track | mechanical | track | gait | locomotion | relevant | portfolio | links | github | repositories | grabcad | cad | portfolios | videos | physical | walking | robots | custom | motor | controllers | hardware | builds | personally | engineered | proposed | tech | stack | summary | preferred | tools | engagement | e.g | cad | software | simulation | framework | motor | drivers | compute | boards | estimated | timeline | milestone | rates | hourly | rate | fixed | milestone | cost | estimate | designated | track | robotics | robotics | mechanical | engineering | embedded | systems | electrical | engineering | 3d | modelling | motor | control | firmware | development | simulation | prototyping | reinforcement | learning | unknown,726,575.0,INR,fixed,robotics | robotics | mechanical engineering | embedded systems | electrical engineering | 3d modelling | motor control | firmware development | simulation | prototyping | reinforcement learning,unknown,Unknown
Freelancer.com,https://www.freelancer.com/projects/data-analysis/excel-mixed-data-entry-40748680,Excel Mixed Data Entry,excel mixed data entry need help transferring cleaning set mixed data already sitting several microsoft excel workbooks ,excel mixed data entry need help transferring cleaning set mixed data already sitting several microsoft excel workbooks job straightforward open existing spreadsheets copy-or-move text numerical fields new consolidated excel file provide make sure column aligns schema share kickoff may adjust formats dates currency text case final sheet consistent import-ready later process side working microsoft excel please comfortable common functions like vlookup xlookup text-to-columns conditional formatting basic data validation prefer macros power query speed things fine long end result matches structure specify send completed file back quick spot-check everything lines stray blanks mismatched types task done data analysis data analysis excel vba visual basic unknown,"I need help transferring and cleaning a set of mixed data that is already sitting in several Microsoft Excel workbooks. The job is straightforward: open the existing spreadsheets, copy-or-move the text and numerical fields into a new, consolidated Excel file I will provide, and make sure each column aligns with the schema I’ll share at kickoff. You may have to adjust a few formats—dates, currency, and text case—so the final sheet is consistent and import-ready for a later process on my side.

You’ll be working only in Microsoft Excel, so please be comfortable with common functions like VLOOKUP/XLOOKUP, text-to-columns, conditional formatting, and basic data validation. If you prefer macros or Power Query to speed things up, that’s fine as long as the end result matches the structure I specify.

When you send the completed file back, I’ll do a quick spot-check; once everything lines up and there are no stray blanks or mismatched types, the task is done.",excel | mixed | data | entry | need | help | transferring | cleaning | set | mixed | data | already | sitting | several | microsoft | excel | workbooks | job | straightforward | open | existing | spreadsheets | copy-or-move | text | numerical | fields | new | consolidated | excel | file | provide | make | sure | column | aligns | schema | share | kickoff | may | adjust | formats | dates | currency | text | case | final | sheet | consistent | import-ready | later | process | side | working | microsoft | excel | please | comfortable | common | functions | like | vlookup | xlookup | text-to-columns | conditional | formatting | basic | data | validation | prefer | macros | power | query | speed | things | fine | long | end | result | matches | structure | specify | send | completed | file | back | quick | spot-check | everything | lines | stray | blanks | mismatched | types | task | done | data | analysis | data | analysis | excel | vba | visual | basic | unknown,104,25000.0,INR,fixed,data analysis | data analysis | excel vba | visual basic,unknown,Unknown
Freelancer.com,https://www.freelancer.com/projects/videography/experienced-bengaluru-videographer,Experienced Bengaluru Videographer Needed for F&B Brands,experienced bengaluru videographer needed brands freelance videographer recurring content bengaluru looking experienced ,experienced bengaluru videographer needed brands freelance videographer recurring content bengaluru looking experienced freelance videographer content creator bengaluru recurring video shoots restaurant brands opportunity someone enjoys creating high-quality visually compelling social media content wants recurring freelance work rather one-off projects monthly requirement typically shoot days per month producing approximately cinematic food beverage content videos craveworthy food beverage videos strong visual storytelling composition close-ups textures pouring garnishing steam movement etc creative camera movement transitions premium appetising look suitable instagram reels vertical 16 format social media content videos content may include founder chef interviews customer testimonials behind-the-scenes videos funny light-hearted restaurant content trend-based social media videos short talking-head videos brand stories ability direct people professional actors presenters advantage looking ideal freelancer strong experience shooting food content excellent eye composition lighting movement comfortable shooting interviews people-based content able work independently restaurant locations professional camera equipment gimbal stabilisation setup suitable lighting equipment professional wireless microphones audio equipment understand instagram reels formats current social-media content styles reliable comfortable working recurring assignments editing mandatory also provide editing please mention editing charges separately equipment please mention equipment personally use including camera body bodies lenses gimbal lighting wireless microphones relevant equipment important wedding event videography specifically looking someone create commercial-quality social media content restaurants brands looking elaborate advertising-film production objective produce excellent content efficiently social media location bengaluru karnataka shoots restaurants establishments across bengaluru please include proposal portfolio showreel best food videos least interview social-media videos equipment list per shoot-day rate editing charges applicable typical availability instagram youtube portfolio link available videography videography video editing social media marketing content creation cinematography video production lighting design content strategy unknown,"Freelance Videographer – Recurring F&B Content | Bengaluru

We are looking for an experienced freelance videographer/content creator in Bengaluru for recurring video shoots for restaurant and F&B brands.

This is an opportunity for someone who enjoys creating high-quality, visually compelling social media content and wants recurring freelance work rather than one-off projects.

Monthly Requirement

Typically 2 shoot days per month, producing approximately:

1. Cinematic Food & Beverage Content – 6 Videos

Craveworthy food and beverage videos

Strong visual storytelling and composition

Close-ups, textures, pouring, garnishing, steam, movement, etc.

Creative camera movement and transitions

Premium, appetising look suitable for Instagram Reels

Vertical 9:16 format

2. Social Media Content – 5 Videos

Content may include:

Founder/chef interviews

Customer testimonials

Behind-the-scenes videos

Funny/light-hearted restaurant content

Trend-based social media videos

Short talking-head videos

Brand stories

The ability to direct people who are not professional actors or presenters is an advantage.

What We Are Looking For

The ideal freelancer should:

Have strong experience shooting food/F&B content

Have an excellent eye for composition, lighting and movement

Be comfortable shooting interviews and people-based content

Be able to work independently at restaurant locations

Have professional camera equipment

Have a gimbal/stabilisation setup

Have suitable lighting equipment

Have professional wireless microphones/audio equipment

Understand Instagram/Reels formats and current social-media content styles

Be reliable and comfortable working on recurring assignments

Editing is not mandatory. If you also provide editing, please mention your editing charges separately.

Equipment

Please mention the equipment you personally own/use, including:

Camera body/bodies

Lenses

Gimbal

Lighting

Wireless microphones

Other relevant equipment

Important

This is not wedding/event videography.

We are specifically looking for someone who can create commercial-quality social media content for restaurants and brands.

We are not looking for elaborate advertising-film production. The objective is to produce excellent content efficiently for social media.

Location

Bengaluru, Karnataka

Most shoots will be at restaurants and F&B establishments across Bengaluru.

Please Include With Your Proposal

Your portfolio/showreel

Your 3 best food/F&B videos

At least 2 interview/social-media videos

Your equipment list

Your per shoot-day rate

Your editing charges, if applicable

Your typical availability

Your Instagram/YouTube/portfolio link, if available",experienced | bengaluru | videographer | needed | brands | freelance | videographer | recurring | content | bengaluru | looking | experienced | freelance | videographer | content | creator | bengaluru | recurring | video | shoots | restaurant | brands | opportunity | someone | enjoys | creating | high-quality | visually | compelling | social | media | content | wants | recurring | freelance | work | rather | one-off | projects | monthly | requirement | typically | shoot | days | per | month | producing | approximately | cinematic | food | beverage | content | videos | craveworthy | food | beverage | videos | strong | visual | storytelling | composition | close-ups | textures | pouring | garnishing | steam | movement | etc | creative | camera | movement | transitions | premium | appetising | look | suitable | instagram | reels | vertical | 16 | format | social | media | content | videos | content | may | include | founder | chef | interviews | customer | testimonials | behind-the-scenes | videos | funny | light-hearted | restaurant | content | trend-based | social | media | videos | short | talking-head | videos | brand | stories | ability | direct | people | professional | actors | presenters | advantage | looking | ideal | freelancer | strong | experience | shooting | food | content | excellent | eye | composition | lighting | movement | comfortable | shooting | interviews | people-based | content | able | work | independently | restaurant | locations | professional | camera | equipment | gimbal | stabilisation | setup | suitable | lighting | equipment | professional | wireless | microphones | audio | equipment | understand | instagram | reels | formats | current | social-media | content | styles | reliable | comfortable | working | recurring | assignments | editing | mandatory | also | provide | editing | please | mention | editing | charges | separately | equipment | please | mention | equipment | personally | use | including | camera | body | bodies | lenses | gimbal | lighting | wireless | microphones | relevant | equipment | important | wedding | event | videography | specifically | looking | someone | create | commercial-quality | social | media | content | restaurants | brands | looking | elaborate | advertising-film | production | objective | produce | excellent | content | efficiently | social | media | location | bengaluru | karnataka | shoots | restaurants | establishments | across | bengaluru | please | include | proposal | portfolio | showreel | best | food | videos | least | interview | social-media | videos | equipment | list | per | shoot-day | rate | editing | charges | applicable | typical | availability | instagram | youtube | portfolio | link | available | videography | videography | video | editing | social | media | marketing | content | creation | cinematography | video | production | lighting | design | content | strategy | unknown,269,7000.0,INR,fixed,videography | videography | video editing | social media marketing | content creation | cinematography | video production | lighting design | content strategy,unknown,Unknown
Freelancer.com,https://www.freelancer.com/projects/full-stack-development/full-stack-developer-for-delivery,"Full-Stack Developer for Delivery & Logistics Platform (Telegram, GPS, Rider & Admin System)",full-stack developer delivery logistics platform telegram gps rider admin system looking experienced full-stack develope,full-stack developer delivery logistics platform telegram gps rider admin system looking experienced full-stack developer build mvp delivery logistics management platform system three main parts customer system customers able place delivery orders telegram bot telegram web app features include pickup delivery locations using gps map pin item order details automatic delivery-fee calculation order status tracking telegram notifications order status changes rider driver system new orders sent riders riders accept available orders first rider successfully accept order gets prevent multiple riders accepting order google maps directions pickup drop-off rider status updates picked way delivered customer admin automatically notified status changes admin dashboard manage customers riders orders view active current orders assign reassign cancel orders rider location live tracking delivery fee records rider bonus merchant cashback records database google sheets synchronization integrations telegram bot telegram web app google maps gps real-time location status updates viber integration may added depending api feasibility preferred stack node.js typescript react login view url postgresql alternative technologies proposed explain appropriate applying please provide relevant projects built recommended architecture technology fixed-price estimate estimated development time availability experience telegram bot web apps experience gps maps live tracking important start proposal word rider briefly explain would technically prevent two riders accepting order simultaneously generic proposals considered initially mvp successful completion may lead additional features ongoing development full stack development full stack development node.js postgresql typescript gps next.js api development software architecture google maps api telegram api unknown,"We are looking for an experienced Full-Stack Developer to build an MVP delivery/logistics management platform.

The system will have three main parts:

### 1. Customer System
Customers should be able to place delivery orders through a Telegram Bot / Telegram Web App.

Features include:
- Pickup and delivery locations using GPS / Map Pin
- Item/order details
- Automatic delivery-fee calculation
- Order status tracking
- Telegram notifications when order status changes

### 2. Rider / Driver System
- New orders sent to riders
- Riders can accept available orders
- First rider to successfully accept an order gets it
- Prevent multiple riders from accepting the same order
- Google Maps directions for pickup/drop-off
- Rider status updates: Picked Up / On the Way / Delivered
- Customer/Admin automatically notified when status changes

### 3. Admin Dashboard
- Manage customers, riders and orders
- View active/current orders
- Assign/reassign/cancel orders
- Rider location / live tracking
- Delivery fee records
- Rider bonus and merchant cashback records
- Database and/or Google Sheets synchronization

### Integrations
- Telegram Bot / Telegram Web App
- Google Maps / GPS
- Real-time location/status updates
- Viber integration may be added depending on API feasibility

### Preferred Stack
Node.js / TypeScript / React or [login to view URL] / PostgreSQL.

Alternative technologies can be proposed if you can explain why they are more appropriate.

### When Applying

Please provide:
- Relevant projects you have built
- Recommended architecture/technology
- Fixed-price estimate
- Estimated development time
- Your availability
- Experience with Telegram Bot/Web Apps
- Experience with GPS/maps/live tracking

IMPORTANT: Start your proposal with the word **RIDER** and briefly explain how you would technically prevent two riders from accepting the same order simultaneously.

Generic proposals will not be considered.

This is initially an MVP. Successful completion may lead to additional features and ongoing development.",full-stack | developer | delivery | logistics | platform | telegram | gps | rider | admin | system | looking | experienced | full-stack | developer | build | mvp | delivery | logistics | management | platform | system | three | main | parts | customer | system | customers | able | place | delivery | orders | telegram | bot | telegram | web | app | features | include | pickup | delivery | locations | using | gps | map | pin | item | order | details | automatic | delivery-fee | calculation | order | status | tracking | telegram | notifications | order | status | changes | rider | driver | system | new | orders | sent | riders | riders | accept | available | orders | first | rider | successfully | accept | order | gets | prevent | multiple | riders | accepting | order | google | maps | directions | pickup | drop-off | rider | status | updates | picked | way | delivered | customer | admin | automatically | notified | status | changes | admin | dashboard | manage | customers | riders | orders | view | active | current | orders | assign | reassign | cancel | orders | rider | location | live | tracking | delivery | fee | records | rider | bonus | merchant | cashback | records | database | google | sheets | synchronization | integrations | telegram | bot | telegram | web | app | google | maps | gps | real-time | location | status | updates | viber | integration | may | added | depending | api | feasibility | preferred | stack | node.js | typescript | react | login | view | url | postgresql | alternative | technologies | proposed | explain | appropriate | applying | please | provide | relevant | projects | built | recommended | architecture | technology | fixed-price | estimate | estimated | development | time | availability | experience | telegram | bot | web | apps | experience | gps | maps | live | tracking | important | start | proposal | word | rider | briefly | explain | would | technically | prevent | two | riders | accepting | order | simultaneously | generic | proposals | considered | initially | mvp | successful | completion | may | lead | additional | features | ongoing | development | full | stack | development | full | stack | development | node.js | postgresql | typescript | gps | next.js | api | development | software | architecture | google | maps | api | telegram | api | unknown,236,1125.0,USD,fixed,full stack development | full stack development | node.js | postgresql | typescript | gps | next.js | api development | software architecture | google maps api | telegram api,unknown,Unknown
Freelancer.com,https://www.freelancer.com/projects/data-management/enter-sunscreen-product-names-jiomart,Enter Sunscreen Product Names on JioMart,enter sunscreen product names jiomart updating jiomart catalogue need every sunscreen currently listed designated online,enter sunscreen product names jiomart updating jiomart catalogue need every sunscreen currently listed designated online store captured accurately item require exact product name prices ingredients attributes time pull names directly online store share input jiomart backend prefer spreadsheet template import double-check spelling consistency shoppers find products easily search quick turnaround flawless copy-paste accuracy matter deliverable complete list sunscreen product names entered agreed format ready instant upload jiomart data management data management data collection inventory management database management data entry excel data processing web search unknown,"I’m updating the JioMart catalogue and need every sunscreen currently listed on the designated online store captured accurately. For each item I only require the exact product name—no prices, ingredients, or other attributes this time. 

You’ll pull the names directly from the online store I’ll share, input them into the JioMart backend (or, if you prefer, a spreadsheet template I can import), and double-check for spelling consistency so shoppers can find the products easily through search. A quick turnaround and flawless copy-paste accuracy are what matter most. 

Deliverable 
• Complete list of all sunscreen product names entered in the agreed format, ready for instant upload to JioMart.",enter | sunscreen | product | names | jiomart | updating | jiomart | catalogue | need | every | sunscreen | currently | listed | designated | online | store | captured | accurately | item | require | exact | product | name | prices | ingredients | attributes | time | pull | names | directly | online | store | share | input | jiomart | backend | prefer | spreadsheet | template | import | double-check | spelling | consistency | shoppers | find | products | easily | search | quick | turnaround | flawless | copy-paste | accuracy | matter | deliverable | complete | list | sunscreen | product | names | entered | agreed | format | ready | instant | upload | jiomart | data | management | data | management | data | collection | inventory | management | database | management | data | entry | excel | data | processing | web | search | unknown,85,1000.0,INR,fixed,data management | data management | data collection | inventory management | database management | data entry | excel | data processing | web search,unknown,Unknown
Freelancer.com,https://www.freelancer.com/projects/photo-editing/photo-optimization-dpi-enhancement-for,Photo Optimization and DPI Enhancement for Print-Ready Use,photo optimization dpi enhancement print-ready use need skilled freelancer assist optimizing organizing photo batches pr,photo optimization dpi enhancement print-ready use need skilled freelancer assist optimizing organizing photo batches print-ready use scope work consultation want professional consultation explain project goals ensure output meets requirements photo optimization hundred photos divided two batches originals enhanced versions edited befunky sets need dpi enhancement prepare various print sizes preserving original colors avoiding scaling artifacts guidance using let enhance already account similar tools ensuring proper settings used file organization delivered files must classified two folders originals optimized enhanced optimized via befunky confidentiality nda agreement required protect photos please share approach timeline tools relevant experience looking forward questions proposals photo editing photo editing image processing print design image upscaling graphic design adobe photoshop adobe lightroom visual design unknown,"I need a skilled freelancer to assist with optimizing and organizing my photo batches for print-ready use. Here’s the scope of work:

1. Consultation: I want a professional consultation to explain my project goals and ensure the output meets my requirements.

2. Photo Optimization:
- I have a few hundred photos divided into two batches: originals and enhanced versions (edited through BeFunky).
- Both sets need DPI enhancement to prepare them for various print sizes, all while preserving their original colors and avoiding scaling artifacts. 
- Guidance on using Let’s Enhance (I already have an account) or similar tools, ensuring proper settings are used.

3. File Organization:
- Delivered files must be classified into two folders: Originals (optimized) and Enhanced (optimized via BeFunky). 

4. Confidentiality: NDA agreement required to protect the photos.

Please share your approach, timeline, tools, and any relevant experience. Looking forward to your questions or proposals!",photo | optimization | dpi | enhancement | print-ready | use | need | skilled | freelancer | assist | optimizing | organizing | photo | batches | print-ready | use | scope | work | consultation | want | professional | consultation | explain | project | goals | ensure | output | meets | requirements | photo | optimization | hundred | photos | divided | two | batches | originals | enhanced | versions | edited | befunky | sets | need | dpi | enhancement | prepare | various | print | sizes | preserving | original | colors | avoiding | scaling | artifacts | guidance | using | let | enhance | already | account | similar | tools | ensuring | proper | settings | used | file | organization | delivered | files | must | classified | two | folders | originals | optimized | enhanced | optimized | via | befunky | confidentiality | nda | agreement | required | protect | photos | please | share | approach | timeline | tools | relevant | experience | looking | forward | questions | proposals | photo | editing | photo | editing | image | processing | print | design | image | upscaling | graphic | design | adobe | photoshop | adobe | lightroom | visual | design | unknown,117,500.0,USD,fixed,photo editing | photo editing | image processing | print design | image upscaling | graphic design | adobe photoshop | adobe lightroom | visual design,unknown,Unknown
Freelancer.com,https://www.freelancer.com/projects/digital-marketing/white-hat-boost-40748764,White-Hat DA & DR Boost 60+,white-hat da dr boost 60 business-focused site currently sits da 36 dr 36 ready push metrics past 60 strictly white-hat ,white-hat da dr boost 60 business-focused site currently sits da 36 dr 36 ready push metrics past 60 strictly white-hat methods task secure high-quality do-follow backlinks genuinely relevant niche flexible tactics guest posts infographic submissions blog comments ethical approach aligns content audience site long every link do-follow contextually placed earned authoritative domains please avoid anything even remotely black-hat spammy want rankings reputation last deliverables expect detailed placement plan outreach begins confirm relevance live url list acquired links da dr anchor placement date work complete final moz ahrefs screenshots showing da dr 60 taken domain mid-30s 60 range share quick example proposal along estimated timeline digital marketing digital marketing content marketing blogging social media marketing seo link building internet marketing marketing white hat seo keyword research unknown,"My business-focused site currently sits at DA 36 / DR 36, and I’m ready to push both metrics past 60 through strictly white-hat methods. Your task is to secure high-quality, do-follow backlinks that are genuinely relevant to my niche. 

I’m flexible on the tactics—guest posts, infographic submissions, blog comments, or any other ethical approach that aligns with the content and audience of the site—so long as every link is do-follow, contextually placed, and earned from authoritative domains. Please avoid anything even remotely black-hat or spammy; I want rankings and reputation that last.

Deliverables I expect:
• A detailed placement plan before outreach begins so I can confirm relevance.
• Live URL list of all acquired links (with DA, DR, anchor, and placement date) once the work is complete.
• Final Moz and Ahrefs screenshots showing DA and DR above 60.

If you’ve taken a domain from the mid-30s to the 60+ range before, share a quick example in your proposal along with your estimated timeline.",white-hat | da | dr | boost | 60 | business-focused | site | currently | sits | da | 36 | dr | 36 | ready | push | metrics | past | 60 | strictly | white-hat | methods | task | secure | high-quality | do-follow | backlinks | genuinely | relevant | niche | flexible | tactics | guest | posts | infographic | submissions | blog | comments | ethical | approach | aligns | content | audience | site | long | every | link | do-follow | contextually | placed | earned | authoritative | domains | please | avoid | anything | even | remotely | black-hat | spammy | want | rankings | reputation | last | deliverables | expect | detailed | placement | plan | outreach | begins | confirm | relevance | live | url | list | acquired | links | da | dr | anchor | placement | date | work | complete | final | moz | ahrefs | screenshots | showing | da | dr | 60 | taken | domain | mid-30s | 60 | range | share | quick | example | proposal | along | estimated | timeline | digital | marketing | digital | marketing | content | marketing | blogging | social | media | marketing | seo | link | building | internet | marketing | marketing | white | hat | seo | keyword | research | unknown,126,1050.0,INR,fixed,digital marketing | digital marketing | content marketing | blogging | social media marketing | seo | link building | internet marketing | marketing | white hat seo | keyword research,unknown,Unknown
Freelancer.com,https://www.freelancer.com/projects/android-app-development/android-app-business-partnership,Android App Business Partnership Opportunity,android app business partnership opportunity revenue-generating system ready scaled dedicated android application suppor,android app business partnership opportunity revenue-generating system ready scaled dedicated android application supports inr payment gateway move concept market launch want business partner commercial side venture guide technical contractors build app lies ahead refine feature set commission development integrate reliable payment gateway upi cards net-banking shape go-to-market plan indian audience manual tests already show strong earnings app live numbers grow quickly contribution revolve around financial strategy market positioning day-to-day business decisions seed investment would plus clear business thinking commitment important first concrete deliverables mutually agreed partnership structure plus working android apk inr gateway fully functional profit-sharing equity open discussion confirm mutual fit practical experience turning digital ideas profitable ventures steer business aspects app built let connect discuss details android app development android app development business development financial consulting payment gateway integration android mobile app development mobile app testing php business management business strategy unknown,"I have a revenue-generating system ready to be scaled through a dedicated Android application that supports an INR payment gateway. To move from concept to market launch, I want a business partner who can own the commercial side of the venture while we guide technical contractors to build the app.

Here is what lies ahead: we will refine the feature set, commission development, integrate a reliable payment gateway for UPI, cards and net-banking, and shape a go-to-market plan for the Indian audience. My manual tests already show strong earnings; with the app live, those numbers can grow quickly.

Your contribution should revolve around financial strategy, market positioning and day-to-day business decisions. Seed investment would be a plus, but clear business thinking and commitment are more important.

The first concrete deliverables will be a mutually agreed partnership structure plus a working Android APK with the INR gateway fully functional. Profit-sharing and equity are open for discussion once we confirm mutual fit.

If you have practical experience turning digital ideas into profitable ventures and can steer the business aspects while the app is built, let’s connect and discuss the details.",android | app | business | partnership | opportunity | revenue-generating | system | ready | scaled | dedicated | android | application | supports | inr | payment | gateway | move | concept | market | launch | want | business | partner | commercial | side | venture | guide | technical | contractors | build | app | lies | ahead | refine | feature | set | commission | development | integrate | reliable | payment | gateway | upi | cards | net-banking | shape | go-to-market | plan | indian | audience | manual | tests | already | show | strong | earnings | app | live | numbers | grow | quickly | contribution | revolve | around | financial | strategy | market | positioning | day-to-day | business | decisions | seed | investment | would | plus | clear | business | thinking | commitment | important | first | concrete | deliverables | mutually | agreed | partnership | structure | plus | working | android | apk | inr | gateway | fully | functional | profit-sharing | equity | open | discussion | confirm | mutual | fit | practical | experience | turning | digital | ideas | profitable | ventures | steer | business | aspects | app | built | let | connect | discuss | details | android | app | development | android | app | development | business | development | financial | consulting | payment | gateway | integration | android | mobile | app | development | mobile | app | testing | php | business | management | business | strategy | unknown,144,7000.0,INR,fixed,android app development | android app development | business development | financial consulting | payment gateway integration | android | mobile app development | mobile app testing | php | business management | business strategy,unknown,Unknown
